O00329	FP17,FP21,FP22,FP25,FP32,FP33,FP37,FP38,FP43,FP45,FP47,FP64,FP65,FP69,FP73,FP76,FP77,FP79,FP80,FP84,FP85,FP89,FP93,FP98,FP99,FP100,FP104,FP105,FP106,FP111,FP113,FP114,FP122,FP123,FP125,FP126,FP133,FP135,FP140,FP142,FP144,FP145,FP146,FP148,FP149,FP150,FP151,FP152,FP153,FP158,FP160
O00408	FP37,FP62,FP75,FP93,FP100,FP125,FP133,FP135,FP141,FP149,FP150,FP154,FP158,FP160
O00519	FP37,FP54,FP82,FP89,FP90,FP91,FP104,FP118,FP128,FP129,FP131,FP132,FP139,FP140,FP144,FP146,FP147,FP149,FP153,FP155,FP157,FP162,FP163,FP165
O14672	FP23,FP24,FP66,FP68,FP69,FP71,FP72,FP86,FP90,FP91,FP98,FP125,FP139
O14684	FP11,FP17,FP19,FP26,FP32,FP33,FP36,FP37,FP38,FP42,FP45,FP46,FP47,FP50,FP51,FP52,FP53,FP55,FP58,FP59,FP60,FP61,FP62,FP64,FP65,FP66,FP67,FP69,FP73,FP74,FP76,FP77,FP79,FP81,FP83,FP86,FP87,FP88,FP90,FP92,FP94,FP96,FP97,FP98,FP99,FP101,FP103,FP104,FP105,FP106,FP107,FP109,FP110,FP111,FP116,FP117,FP120,FP121,FP123,FP124,FP125,FP126,FP127,FP131,FP132,FP134,FP136,FP138,FP139,FP140,FP142,FP143,FP144,FP146,FP150,FP151,FP152,FP153,FP156,FP161,FP162
O14757	FP37,FP38,FP62,FP77,FP80,FP82,FP85,FP86,FP90,FP91,FP93,FP95,FP98,FP100,FP101,FP111,FP113,FP122,FP125,FP127,FP129,FP131,FP139,FP143,FP144,FP145,FP146,FP148,FP152,FP153,FP157,FP159,FP160,FP164
O14920	FP17,FP19,FP25,FP28,FP37,FP38,FP41,FP42,FP43,FP45,FP50,FP52,FP53,FP57,FP62,FP65,FP72,FP74,FP75,FP76,FP77,FP79,FP82,FP83,FP84,FP85,FP86,FP87,FP89,FP91,FP93,FP95,FP96,FP97,FP98,FP99,FP100,FP103,FP104,FP105,FP106,FP107,FP111,FP113,FP118,FP120,FP121,FP122,FP123,FP125,FP126,FP127,FP129,FP133,FP134,FP135,FP136,FP139,FP142,FP143,FP144,FP145,FP146,FP148,FP149,FP150,FP151,FP152,FP153,FP154,FP155,FP158,FP160,FP163
O14939	FP17,FP22,FP37,FP43,FP65,FP66,FP77,FP82,FP84,FP87,FP91,FP92,FP93,FP103,FP104,FP106,FP107,FP110,FP112,FP117,FP118,FP125,FP131,FP132,FP134,FP135
O15229	FP41,FP79,FP87,FP89,FP91,FP95,FP123,FP139,FP140,FP154,FP157,FP159,FP164
O15379	FP19,FP22,FP23,FP24,FP37,FP41,FP50,FP54,FP57,FP63,FP65,FP66,FP68,FP69,FP71,FP72,FP73,FP76,FP77,FP78,FP79,FP80,FP81,FP83,FP84,FP85,FP86,FP89,FP90,FP91,FP93,FP94,FP95,FP96,FP97,FP99,FP101,FP102,FP104,FP105,FP106,FP108,FP109,FP111,FP112,FP113,FP114,FP115,FP116,FP118,FP119,FP121,FP123,FP124,FP125,FP126,FP127,FP129,FP130,FP131,FP132,FP133,FP136,FP137,FP138,FP142,FP143,FP144,FP147,FP149,FP152,FP155,FP157,FP159,FP160,FP162
O15530	FP8,FP17,FP19,FP25,FP26,FP36,FP37,FP45,FP47,FP50,FP54,FP65,FP75,FP76,FP77,FP78,FP79,FP80,FP81,FP82,FP83,FP84,FP85,FP86,FP87,FP88,FP89,FP91,FP95,FP96,FP97,FP98,FP99,FP100,FP105,FP106,FP110,FP112,FP117,FP119,FP120,FP121,FP122,FP125,FP127,FP136,FP137,FP138,FP140,FP143,FP144,FP145,FP147,FP148,FP150,FP153,FP154,FP155,FP158,FP159,FP160,FP163,FP164
O43570	FP89
O43613	FP109,FP123,FP129
O43614	FP25,FP70,FP71,FP91,FP94,FP102,FP106,FP124,FP144,FP151
O60341	FP17,FP22,FP36,FP38,FP47,FP59,FP62,FP64,FP65,FP70,FP73,FP77,FP80,FP81,FP82,FP85,FP86,FP88,FP90,FP94,FP95,FP97,FP100,FP101,FP104,FP105,FP106,FP109,FP111,FP114,FP115,FP118,FP124,FP125,FP126,FP128,FP129,FP130,FP131,FP132,FP133,FP138,FP145,FP146,FP147,FP150,FP157
O60674	FP11,FP22,FP25,FP32,FP33,FP37,FP38,FP46,FP47,FP49,FP50,FP51,FP52,FP53,FP54,FP56,FP57,FP59,FP62,FP63,FP65,FP67,FP70,FP71,FP75,FP76,FP77,FP78,FP80,FP81,FP82,FP83,FP84,FP85,FP86,FP89,FP90,FP91,FP94,FP95,FP96,FP97,FP98,FP100,FP102,FP103,FP104,FP106,FP109,FP111,FP117,FP118,FP119,FP120,FP122,FP125,FP129,FP131,FP132,FP133,FP135,FP136,FP138,FP142,FP144,FP145,FP146,FP147,FP148,FP149,FP150,FP151,FP153,FP155,FP157,FP159,FP160
O60725	FP50,FP76,FP82,FP86,FP90,FP99,FP104,FP108,FP115,FP116,FP117,FP123,FP129,FP132,FP139,FP146,FP149,FP151,FP154
O60885	FP19,FP21,FP23,FP26,FP36,FP37,FP45,FP62,FP69,FP71,FP75,FP78,FP79,FP80,FP83,FP84,FP86,FP87,FP88,FP91,FP94,FP96,FP98,FP100,FP103,FP106,FP107,FP111,FP113,FP114,FP115,FP119,FP123,FP125,FP126,FP128,FP129,FP134,FP135,FP136,FP138,FP139,FP141,FP146,FP147,FP149,FP153,FP154,FP157,FP159
O75116	FP37,FP43,FP52,FP62,FP65,FP69,FP72,FP80,FP81,FP83,FP90,FP92,FP93,FP94,FP96,FP97,FP105,FP106,FP109,FP110,FP113,FP117,FP121,FP124,FP125,FP126,FP127,FP131,FP136,FP139,FP143,FP144,FP145,FP152,FP153,FP154,FP157,FP159,FP164
O75173	FP24,FP25,FP38,FP47,FP52,FP53,FP54,FP66,FP71,FP72,FP77,FP82,FP83,FP90,FP91,FP94,FP96,FP97,FP98,FP100,FP103,FP104,FP105,FP106,FP109,FP111,FP114,FP115,FP116,FP123,FP124,FP128,FP129,FP131,FP138,FP139,FP146,FP147,FP151,FP153,FP155
O75908	FP26
O76074	FP19,FP22,FP25,FP28,FP29,FP36,FP38,FP41,FP43,FP46,FP47,FP48,FP50,FP62,FP65,FP69,FP72,FP74,FP75,FP77,FP78,FP79,FP80,FP81,FP85,FP86,FP89,FP90,FP91,FP98,FP100,FP104,FP105,FP108,FP109,FP111,FP113,FP114,FP116,FP118,FP119,FP120,FP122,FP123,FP126,FP128,FP129,FP131,FP132,FP133,FP135,FP138,FP141,FP142,FP145,FP147,FP148,FP149,FP150,FP151,FP152,FP153,FP155,FP157,FP158,FP160
O94925	FP38,FP86,FP95,FP98,FP104,FP123,FP125,FP129,FP130,FP132,FP136,FP138,FP145,FP159
O95136	FP29,FP37,FP43,FP66,FP74,FP82,FP85,FP86,FP89,FP90,FP91,FP97,FP100,FP104,FP108,FP112,FP122,FP123,FP136,FP138,FP140,FP151,FP162,FP163,FP165
O95399	FP62,FP72,FP80,FP95,FP108,FP150
O95819	FP52,FP62,FP83,FP84,FP94,FP95,FP96,FP97,FP131,FP154
O95822	FP36,FP38,FP47,FP62,FP66,FP74,FP75,FP79,FP81,FP85,FP86,FP88,FP95,FP98,FP100,FP108,FP109,FP115,FP122,FP129,FP138,FP139,FP144,FP145,FP148,FP149,FP150,FP151,FP153,FP155,FP157,FP160
O95977	FP29,FP43,FP57,FP69,FP79,FP95,FP102,FP124,FP130,FP142,FP144,FP148,FP150,FP152,FP159,FP160,FP163
O96017	FP24,FP25,FP36,FP38,FP41,FP43,FP47,FP49,FP52,FP53,FP54,FP57,FP62,FP71,FP74,FP77,FP78,FP79,FP80,FP82,FP83,FP84,FP90,FP91,FP92,FP94,FP95,FP96,FP97,FP98,FP101,FP104,FP105,FP106,FP110,FP113,FP117,FP119,FP122,FP124,FP125,FP126,FP127,FP131,FP133,FP135,FP139,FP143,FP144,FP145,FP148,FP150,FP152,FP154,FP159
P00374	FP25,FP38,FP42,FP53,FP62,FP65,FP75,FP77,FP79,FP84,FP85,FP104,FP107,FP112,FP122,FP125,FP131,FP134,FP139,FP140,FP144,FP151,FP153,FP155
P00519	FP17,FP21,FP22,FP25,FP26,FP27,FP36,FP37,FP38,FP42,FP45,FP46,FP47,FP53,FP54,FP57,FP62,FP65,FP66,FP68,FP75,FP77,FP78,FP79,FP80,FP83,FP84,FP85,FP86,FP87,FP88,FP90,FP91,FP92,FP93,FP96,FP97,FP98,FP99,FP103,FP104,FP105,FP106,FP107,FP110,FP111,FP112,FP113,FP115,FP116,FP117,FP120,FP121,FP122,FP123,FP125,FP126,FP129,FP131,FP133,FP134,FP135,FP136,FP137,FP139,FP140,FP142,FP144,FP146,FP147,FP148,FP149,FP150,FP151,FP152,FP153,FP154,FP155,FP157,FP159,FP160,FP162,FP164
P00533	FP1,FP2,FP3,FP4,FP5,FP6,FP7,FP8,FP9,FP10,FP11,FP12,FP13,FP14,FP15,FP16,FP18,FP19,FP20,FP21,FP22,FP23,FP24,FP25,FP26,FP27,FP28,FP29,FP30,FP31,FP32,FP33,FP34,FP35,FP37,FP38,FP39,FP40,FP41,FP42,FP43,FP44,FP45,FP46,FP47,FP48,FP49,FP50,FP51,FP52,FP53,FP54,FP55,FP56,FP57,FP58,FP59,FP60,FP61,FP62,FP63,FP64,FP65,FP66,FP67,FP68,FP70,FP71,FP72,FP73,FP76,FP77,FP78,FP79,FP80,FP82,FP84,FP85,FP86,FP87,FP89,FP91,FP92,FP94,FP95,FP96,FP97,FP98,FP99,FP100,FP101,FP103,FP104,FP105,FP106,FP107,FP108,FP109,FP110,FP111,FP112,FP115,FP118,FP119,FP120,FP121,FP122,FP123,FP124,FP125,FP126,FP129,FP131,FP132,FP133,FP134,FP135,FP136,FP137,FP138,FP139,FP141,FP142,FP144,FP145,FP146,FP147,FP148,FP149,FP150,FP151,FP153,FP154,FP155,FP156,FP158,FP159,FP161,FP162,FP163,FP164,FP165,FP166
P00734	FP23,FP25,FP36,FP37,FP38,FP43,FP45,FP46,FP59,FP62,FP64,FP65,FP71,FP72,FP75,FP76,FP77,FP78,FP79,FP80,FP81,FP82,FP83,FP84,FP85,FP86,FP87,FP90,FP91,FP92,FP93,FP95,FP96,FP98,FP99,FP100,FP101,FP103,FP104,FP107,FP108,FP110,FP111,FP112,FP113,FP116,FP117,FP118,FP119,FP120,FP121,FP122,FP123,FP124,FP125,FP126,FP128,FP129,FP131,FP132,FP133,FP135,FP136,FP137,FP138,FP144,FP145,FP147,FP148,FP150,FP151,FP152,FP153,FP155,FP157,FP159,FP166
P00740	FP22,FP23,FP53,FP57,FP62,FP70,FP72,FP75,FP77,FP79,FP81,FP85,FP87,FP88,FP91,FP102,FP103,FP104,FP106,FP107,FP110,FP113,FP115,FP117,FP122,FP123,FP127,FP132,FP133,FP134,FP135,FP139,FP143,FP144,FP146,FP150,FP152,FP154,FP157,FP159
P00742	FP23,FP24,FP43,FP47,FP52,FP53,FP54,FP62,FP65,FP66,FP72,FP75,FP76,FP78,FP79,FP80,FP82,FP83,FP84,FP85,FP87,FP90,FP92,FP94,FP95,FP96,FP97,FP103,FP105,FP107,FP109,FP113,FP116,FP118,FP119,FP120,FP122,FP123,FP124,FP127,FP128,FP132,FP133,FP134,FP135,FP136,FP137,FP139,FP143,FP144,FP148,FP150,FP152,FP154,FP157,FP159
P00747	FP11,FP14,FP18,FP19,FP22,FP24,FP32,FP33,FP44,FP49,FP51,FP54,FP55,FP56,FP57,FP58,FP59,FP60,FP61,FP62,FP63,FP64,FP65,FP67,FP69,FP70,FP71,FP73,FP75,FP81,FP82,FP83,FP85,FP86,FP88,FP92,FP94,FP98,FP99,FP102,FP103,FP110,FP112,FP113,FP117,FP120,FP121,FP122,FP124,FP127,FP129,FP130,FP133,FP135,FP138,FP140,FP143,FP144,FP146,FP147,FP150,FP152,FP157
P00749	FP25,FP29,FP38,FP43,FP48,FP53,FP62,FP65,FP77,FP78,FP89,FP90,FP93,FP95,FP105,FP119,FP123,FP127,FP135,FP139,FP140,FP143,FP144,FP155
P00797	FP23,FP66,FP89,FP93,FP106,FP108,FP112,FP125,FP129,FP145
P00915	FP1,FP2,FP4,FP5,FP6,FP7,FP8,FP10,FP11,FP12,FP13,FP14,FP15,FP16,FP17,FP20,FP21,FP22,FP23,FP25,FP27,FP28,FP32,FP33,FP35,FP36,FP37,FP38,FP39,FP40,FP42,FP43,FP46,FP47,FP51,FP52,FP55,FP56,FP57,FP58,FP59,FP60,FP61,FP62,FP64,FP65,FP67,FP68,FP69,FP70,FP73,FP74,FP75,FP77,FP78,FP79,FP80,FP81,FP82,FP83,FP84,FP85,FP86,FP88,FP89,FP92,FP93,FP94,FP95,FP96,FP97,FP98,FP100,FP102,FP104,FP105,FP106,FP107,FP109,FP110,FP111,FP112,FP113,FP114,FP117,FP119,FP120,FP121,FP122,FP123,FP124,FP125,FP126,FP127,FP128,FP130,FP132,FP133,FP134,FP135,FP136,FP137,FP139,FP140,FP141,FP142,FP143,FP145,FP146,FP147,FP148,FP149,FP151,FP152,FP153,FP154,FP155,FP156,FP157,FP158,FP161,FP166
P00918	FP1,FP2,FP3,FP4,FP5,FP6,FP7,FP8,FP9,FP10,FP11,FP12,FP13,FP14,FP15,FP16,FP17,FP18,FP19,FP20,FP21,FP22,FP23,FP24,FP25,FP26,FP27,FP28,FP29,FP30,FP31,FP32,FP33,FP34,FP35,FP37,FP38,FP39,FP40,FP41,FP42,FP43,FP44,FP45,FP46,FP48,FP50,FP51,FP55,FP56,FP58,FP59,FP60,FP61,FP63,FP64,FP65,FP66,FP67,FP68,FP69,FP73,FP74,FP76,FP77,FP78,FP79,FP81,FP83,FP84,FP85,FP86,FP87,FP88,FP90,FP91,FP92,FP93,FP94,FP95,FP96,FP98,FP99,FP100,FP101,FP102,FP103,FP104,FP105,FP106,FP107,FP108,FP109,FP110,FP111,FP112,FP114,FP115,FP117,FP118,FP119,FP120,FP121,FP122,FP123,FP124,FP125,FP126,FP127,FP128,FP129,FP130,FP131,FP132,FP133,FP134,FP135,FP136,FP137,FP138,FP139,FP140,FP142,FP145,FP146,FP147,FP148,FP149,FP150,FP151,FP152,FP153,FP154,FP155,FP156,FP157,FP158,FP159,FP160,FP161,FP162,FP163,FP164,FP165,FP166
P03372	FP26,FP38,FP45,FP50,FP53,FP62,FP72,FP76,FP77,FP78,FP79,FP80,FP85,FP86,FP92,FP93,FP95,FP97,FP100,FP110,FP111,FP113,FP114,FP117,FP118,FP119,FP120,FP122,FP125,FP126,FP127,FP128,FP129,FP131,FP133,FP135,FP136,FP138,FP139,FP142,FP143,FP146,FP147,FP148,FP150,FP151,FP152,FP153,FP154,FP156,FP157,FP158,FP161,FP162
P03951	FP43,FP65,FP95,FP98,FP100,FP104,FP109,FP111,FP127,FP128,FP129,FP138,FP139,FP141,FP143,FP150,FP153
P03956	FP24,FP33,FP36,FP40,FP47,FP48,FP49,FP52,FP53,FP54,FP56,FP62,FP63,FP65,FP66,FP68,FP69,FP70,FP71,FP72,FP75,FP79,FP80,FP82,FP83,FP86,FP91,FP92,FP93,FP94,FP95,FP96,FP97,FP98,FP100,FP102,FP104,FP105,FP106,FP110,FP115,FP116,FP118,FP119,FP120,FP121,FP122,FP123,FP124,FP125,FP128,FP129,FP132,FP133,FP135,FP137,FP138,FP139,FP140,FP141,FP142,FP145,FP147,FP148,FP153,FP154,FP155,FP158
P04035	FP49,FP50,FP54,FP62,FP65,FP70,FP74,FP76,FP84,FP89,FP118,FP125,FP130,FP138,FP144,FP145,FP149,FP150,FP160
P04054	FP65,FP72,FP84,FP92,FP104,FP108,FP109,FP110,FP113,FP117,FP126,FP129,FP136,FP140
P04062	FP22,FP25,FP38,FP53,FP54,FP62,FP65,FP66,FP72,FP75,FP80,FP82,FP83,FP85,FP89,FP90,FP91,FP97,FP98,FP100,FP104,FP105,FP106,FP109,FP115,FP116,FP122,FP125,FP128,FP129,FP131,FP133,FP135,FP138,FP139,FP140,FP144,FP145,FP146,FP147,FP148,FP151,FP162
P04066	FP66,FP79,FP98,FP108,FP112,FP160
P04150	FP17,FP42,FP47,FP52,FP62,FP65,FP74,FP77,FP79,FP80,FP82,FP83,FP87,FP90,FP92,FP97,FP98,FP105,FP106,FP107,FP110,FP111,FP117,FP118,FP120,FP121,FP125,FP129,FP130,FP133,FP134,FP136,FP137,FP141,FP144,FP147,FP150,FP151,FP152,FP156,FP157,FP162,FP164
P04278	FP66,FP108,FP112,FP118,FP146,FP147
P04626	FP24,FP29,FP38,FP41,FP45,FP46,FP47,FP49,FP50,FP53,FP54,FP56,FP57,FP62,FP63,FP65,FP68,FP69,FP70,FP71,FP75,FP76,FP77,FP78,FP79,FP80,FP83,FP84,FP86,FP91,FP94,FP95,FP96,FP97,FP98,FP99,FP100,FP104,FP105,FP109,FP111,FP114,FP115,FP116,FP119,FP120,FP121,FP123,FP124,FP126,FP130,FP131,FP133,FP135,FP136,FP137,FP138,FP149,FP151,FP153,FP155
P04798	FP62,FP65,FP76,FP89,FP91,FP95,FP97,FP99,FP105,FP121,FP125,FP133,FP135,FP140,FP161
P05067	FP62,FP93,FP95,FP96,FP97,FP99,FP133,FP135,FP144,FP152,FP153,FP156,FP158,FP161
P05129	FP90,FP91,FP96,FP98,FP108,FP124,FP126,FP133,FP148
P05412	FP37,FP52,FP57,FP82,FP83,FP85,FP90,FP91,FP92,FP93,FP94,FP95,FP96,FP98,FP104,FP105,FP109,FP110,FP114,FP115,FP117,FP121,FP122,FP124,FP127,FP128,FP129,FP130,FP131,FP137,FP143,FP148,FP154,FP155,FP157
P06239	FP25,FP100,FP105,FP106,FP114,FP116,FP118,FP125,FP139,FP145,FP147,FP149,FP153
P06493	FP17,FP25,FP27,FP28,FP32,FP33,FP37,FP38,FP41,FP42,FP43,FP45,FP50,FP51,FP52,FP55,FP57,FP58,FP59,FP60,FP61,FP62,FP64,FP67,FP69,FP73,FP74,FP75,FP76,FP79,FP81,FP82,FP83,FP85,FP86,FP88,FP89,FP90,FP91,FP92,FP93,FP94,FP95,FP96,FP98,FP99,FP101,FP102,FP103,FP105,FP106,FP108,FP109,FP110,FP112,FP113,FP115,FP116,FP117,FP118,FP119,FP121,FP122,FP124,FP125,FP129,FP130,FP131,FP133,FP135,FP136,FP139,FP141,FP144,FP145,FP146,FP148,FP149,FP150,FP151,FP152,FP154,FP157,FP158,FP159,FP164
P07099	FP37,FP43,FP57,FP62,FP77,FP91,FP92,FP106,FP114,FP120,FP131,FP136,FP139,FP157,FP159
P07333	FP25,FP38,FP41,FP46,FP62,FP71,FP77,FP79,FP80,FP83,FP85,FP87,FP90,FP91,FP92,FP94,FP95,FP96,FP97,FP104,FP105,FP107,FP110,FP117,FP131,FP134,FP144,FP146,FP150,FP151,FP154,FP164
P07384	FP16,FP29,FP36,FP48,FP50,FP51,FP53,FP54,FP55,FP58,FP59,FP60,FP61,FP65,FP67,FP72,FP74,FP79,FP81,FP82,FP88,FP89,FP90,FP92,FP100,FP102,FP112,FP115,FP123,FP124,FP128,FP130,FP137,FP139,FP148
P07477	FP36,FP38,FP57,FP62,FP65,FP79,FP81,FP83,FP88,FP90,FP92,FP96,FP98,FP104,FP105,FP115,FP120,FP121,FP123,FP125,FP126,FP132,FP136,FP137,FP138,FP139,FP140,FP145,FP152,FP154,FP155,FP160
P07550	FP37,FP38,FP43,FP54,FP62,FP72,FP75,FP77,FP79,FP80,FP82,FP95,FP97,FP104,FP105,FP110,FP113,FP117,FP120,FP121,FP125,FP131,FP132,FP137,FP139,FP142,FP144,FP145,FP154,FP156
P07711	FP8,FP11,FP19,FP33,FP37,FP41,FP42,FP47,FP54,FP57,FP65,FP66,FP69,FP72,FP74,FP75,FP78,FP79,FP80,FP82,FP83,FP86,FP87,FP89,FP90,FP91,FP92,FP93,FP95,FP96,FP97,FP98,FP99,FP100,FP104,FP105,FP106,FP107,FP108,FP109,FP110,FP111,FP112,FP114,FP115,FP116,FP117,FP118,FP119,FP120,FP121,FP122,FP125,FP129,FP131,FP132,FP134,FP135,FP136,FP137,FP138,FP140,FP141,FP142,FP144,FP145,FP146,FP147,FP149,FP150,FP151,FP154,FP156,FP157,FP160
P07858	FP23,FP41,FP53,FP54,FP62,FP65,FP66,FP74,FP77,FP80,FP82,FP83,FP86,FP90,FP91,FP95,FP99,FP100,FP104,FP107,FP108,FP109,FP110,FP111,FP112,FP120,FP123,FP125,FP126,FP128,FP129,FP132,FP133,FP134,FP136,FP138,FP139,FP140,FP145,FP146,FP149,FP152,FP153,FP157,FP159,FP160
P07900	FP82,FP92,FP105,FP110,FP117,FP118,FP129,FP138,FP144,FP147,FP155
P07949	FP11,FP24,FP25,FP41,FP52,FP53,FP54,FP62,FP65,FP71,FP72,FP74,FP78,FP79,FP83,FP84,FP86,FP87,FP90,FP91,FP93,FP94,FP96,FP97,FP106,FP107,FP110,FP113,FP114,FP115,FP116,FP117,FP119,FP124,FP127,FP129,FP131,FP134,FP139,FP143,FP144,FP146,FP149,FP157,FP159,FP160,FP164
P08069	FP100,FP111,FP131
P08172	FP4,FP5,FP8,FP11,FP18,FP19,FP25,FP30,FP31,FP36,FP37,FP38,FP42,FP44,FP45,FP46,FP47,FP49,FP51,FP54,FP55,FP56,FP58,FP59,FP60,FP61,FP62,FP63,FP64,FP65,FP66,FP67,FP69,FP70,FP73,FP75,FP77,FP78,FP80,FP81,FP82,FP85,FP86,FP88,FP89,FP90,FP91,FP92,FP95,FP96,FP97,FP98,FP100,FP101,FP102,FP104,FP106,FP109,FP111,FP112,FP113,FP115,FP117,FP118,FP119,FP120,FP121,FP122,FP123,FP124,FP125,FP128,FP129,FP130,FP131,FP133,FP135,FP136,FP138,FP139,FP140,FP142,FP144,FP145,FP146,FP147,FP148,FP152,FP153,FP155,FP156,FP157,FP158,FP159,FP160,FP161,FP162,FP163,FP165
P08183	FP57,FP62,FP79,FP80,FP86,FP89,FP91,FP93,FP94,FP97,FP98,FP100,FP105,FP108,FP111,FP118,FP124,FP125,FP129,FP133,FP135,FP138,FP139,FP154
P08238	FP23,FP25,FP27,FP28,FP36,FP38,FP46,FP50,FP52,FP57,FP59,FP62,FP64,FP69,FP71,FP79,FP82,FP87,FP91,FP92,FP93,FP95,FP97,FP99,FP100,FP102,FP103,FP104,FP107,FP108,FP109,FP110,FP114,FP115,FP117,FP121,FP125,FP131,FP133,FP134,FP135,FP136,FP140,FP141,FP142,FP146,FP149,FP151,FP153,FP154,FP155,FP160
P08246	FP7,FP8,FP11,FP19,FP21,FP28,FP32,FP33,FP42,FP44,FP45,FP47,FP51,FP52,FP53,FP54,FP55,FP58,FP59,FP60,FP61,FP66,FP67,FP72,FP73,FP74,FP75,FP80,FP81,FP82,FP84,FP85,FP86,FP88,FP89,FP94,FP95,FP99,FP100,FP101,FP102,FP104,FP106,FP107,FP108,FP112,FP114,FP115,FP116,FP124,FP125,FP129,FP130,FP131,FP134,FP136,FP139,FP140,FP144,FP145,FP146,FP148,FP152,FP153,FP162,FP163
P08253	FP24,FP25,FP29,FP32,FP33,FP37,FP38,FP43,FP48,FP49,FP50,FP51,FP52,FP53,FP54,FP55,FP57,FP58,FP59,FP60,FP61,FP62,FP63,FP65,FP66,FP67,FP68,FP69,FP71,FP73,FP74,FP75,FP77,FP78,FP80,FP81,FP82,FP84,FP88,FP89,FP91,FP92,FP95,FP97,FP98,FP100,FP101,FP102,FP104,FP105,FP106,FP108,FP109,FP110,FP112,FP113,FP114,FP118,FP119,FP120,FP122,FP123,FP124,FP125,FP126,FP127,FP129,FP130,FP131,FP133,FP135,FP136,FP139,FP140,FP141,FP143,FP144,FP146,FP148,FP149,FP150,FP151,FP152,FP153,FP154,FP155,FP157,FP160,FP162
P08254	FP13,FP17,FP22,FP23,FP24,FP25,FP29,FP32,FP33,FP36,FP41,FP46,FP47,FP50,FP51,FP53,FP54,FP55,FP58,FP59,FP60,FP61,FP62,FP63,FP64,FP65,FP68,FP69,FP70,FP71,FP72,FP74,FP75,FP76,FP79,FP81,FP84,FP88,FP89,FP91,FP92,FP93,FP94,FP95,FP97,FP100,FP102,FP104,FP105,FP106,FP108,FP110,FP111,FP113,FP115,FP121,FP122,FP123,FP124,FP126,FP127,FP129,FP130,FP131,FP132,FP135,FP136,FP137,FP138,FP139,FP140,FP142,FP143,FP144,FP146,FP147,FP148,FP149,FP151,FP152,FP153,FP157,FP160,FP162
P08473	FP17,FP23,FP25,FP42,FP43,FP62,FP77,FP78,FP79,FP84,FP87,FP88,FP89,FP96,FP97,FP100,FP106,FP107,FP109,FP119,FP123,FP129,FP131,FP132,FP134,FP138,FP142,FP144,FP150,FP151,FP157,FP160,FP162,FP163
P08514	FP15,FP21,FP22,FP23,FP24,FP28,FP32,FP36,FP38,FP45,FP49,FP51,FP52,FP53,FP54,FP55,FP57,FP58,FP59,FP60,FP61,FP64,FP65,FP67,FP69,FP71,FP72,FP73,FP74,FP76,FP80,FP84,FP85,FP86,FP88,FP89,FP91,FP92,FP93,FP94,FP95,FP97,FP98,FP100,FP102,FP103,FP104,FP105,FP106,FP109,FP111,FP113,FP117,FP118,FP120,FP121,FP122,FP124,FP125,FP127,FP128,FP129,FP132,FP133,FP135,FP136,FP137,FP138,FP139,FP140,FP141,FP143,FP144,FP146,FP147,FP148,FP149,FP150,FP152,FP157,FP159,FP160,FP165,FP166
P08581	FP38,FP41,FP42,FP46,FP52,FP53,FP54,FP62,FP65,FP66,FP68,FP75,FP77,FP80,FP82,FP83,FP84,FP85,FP87,FP90,FP93,FP94,FP95,FP96,FP97,FP98,FP105,FP107,FP111,FP120,FP121,FP122,FP124,FP125,FP130,FP133,FP134,FP135,FP136,FP140,FP144,FP146,FP148,FP150,FP152,FP154,FP155,FP159,FP160,FP164
P08588	FP37,FP106,FP156
P08648	FP14,FP36,FP54,FP62,FP67,FP69,FP83,FP88,FP95,FP96,FP98,FP105,FP113,FP117,FP118,FP120,FP125,FP126,FP127,FP128,FP133,FP136,FP143,FP144,FP149,FP150,FP152,FP160
P08842	FP33,FP39,FP40,FP52,FP66,FP77,FP79,FP90,FP91,FP96,FP104,FP105,FP108,FP114,FP115,FP116,FP117,FP123,FP125,FP128,FP129,FP131,FP139,FP142,FP144,FP145,FP150,FP154,FP160
P08908	FP8,FP14,FP19,FP22,FP38,FP42,FP59,FP62,FP64,FP65,FP66,FP69,FP77,FP79,FP80,FP82,FP83,FP86,FP87,FP90,FP91,FP96,FP97,FP100,FP101,FP103,FP104,FP105,FP106,FP107,FP111,FP112,FP113,FP116,FP118,FP120,FP123,FP125,FP128,FP129,FP134,FP135,FP136,FP138,FP139,FP140,FP146,FP147,FP149,FP150,FP152,FP154,FP155,FP160,FP164
P08912	FP19,FP30,FP36,FP49,FP51,FP60,FP61,FP62,FP66,FP67,FP73,FP75,FP77,FP79,FP81,FP82,FP83,FP86,FP88,FP90,FP91,FP92,FP96,FP97,FP98,FP104,FP105,FP108,FP109,FP110,FP111,FP117,FP118,FP121,FP125,FP127,FP129,FP138,FP139,FP141,FP142,FP143,FP144,FP145,FP147,FP150,FP151,FP154,FP156,FP159,FP162,FP163
P08913	FP38,FP45,FP77,FP78,FP80,FP93,FP108,FP112,FP119,FP123,FP125
P09038	FP53,FP79,FP81,FP85,FP90,FP95,FP96,FP115,FP120,FP122,FP142
P09211	FP22,FP34,FP42,FP79,FP87,FP88,FP100,FP103,FP107,FP111,FP123,FP127,FP133,FP134,FP143,FP144,FP145,FP150,FP157
P09237	FP13,FP17,FP19,FP21,FP24,FP25,FP29,FP37,FP43,FP47,FP48,FP52,FP53,FP54,FP62,FP68,FP70,FP71,FP72,FP74,FP76,FP78,FP79,FP80,FP83,FP84,FP85,FP86,FP89,FP91,FP92,FP94,FP96,FP97,FP98,FP100,FP102,FP104,FP105,FP106,FP108,FP110,FP114,FP115,FP116,FP117,FP118,FP119,FP120,FP121,FP122,FP123,FP124,FP125,FP135,FP136,FP137,FP139,FP141,FP142,FP144,FP145,FP148,FP149,FP150,FP151,FP152,FP154,FP155,FP156,FP157,FP158,FP159,FP161,FP164
P09467	FP36,FP43,FP46,FP47,FP57,FP62,FP72,FP79,FP80,FP81,FP84,FP85,FP88,FP95,FP98,FP103,FP105,FP122,FP125,FP131,FP140,FP145,FP147,FP149,FP152,FP153,FP154,FP155,FP160
P09874	FP2,FP13,FP16,FP17,FP24,FP25,FP27,FP34,FP37,FP38,FP52,FP54,FP56,FP59,FP62,FP63,FP64,FP65,FP68,FP75,FP79,FP81,FP83,FP84,FP85,FP86,FP89,FP90,FP91,FP92,FP94,FP95,FP96,FP97,FP99,FP100,FP101,FP105,FP106,FP109,FP110,FP111,FP117,FP118,FP120,FP121,FP122,FP124,FP125,FP128,FP129,FP131,FP133,FP137,FP138,FP142,FP144,FP145,FP147,FP148,FP151,FP152,FP153,FP154,FP155,FP156,FP158,FP161,FP163,FP164,FP165
P09917	FP13,FP24,FP36,FP43,FP52,FP53,FP54,FP57,FP59,FP62,FP63,FP64,FP70,FP71,FP72,FP74,FP75,FP77,FP80,FP81,FP82,FP83,FP84,FP88,FP91,FP92,FP93,FP94,FP95,FP97,FP98,FP102,FP105,FP109,FP110,FP111,FP113,FP114,FP115,FP117,FP120,FP123,FP124,FP125,FP126,FP127,FP129,FP130,FP133,FP135,FP136,FP137,FP139,FP143,FP145,FP146,FP149,FP150,FP152,FP153,FP154,FP155,FP157,FP159
P09958	FP38,FP52,FP74,FP75,FP79,FP82,FP83,FP85,FP89,FP91,FP94,FP95,FP97,FP111,FP121,FP122,FP124,FP126,FP128,FP130,FP137,FP139,FP148,FP150,FP152,FP157
P09960	FP36,FP47,FP65,FP72,FP79,FP80,FP81,FP85,FP88,FP95,FP100,FP104,FP105,FP106,FP109,FP110,FP111,FP114,FP117,FP122,FP123,FP125,FP128,FP129,FP131,FP133,FP135,FP138,FP139,FP142,FP145,FP146,FP147,FP148,FP151,FP153,FP154,FP156,FP158,FP159
P0DMS8	FP23,FP36,FP38,FP53,FP81,FP88,FP106,FP108,FP110,FP115,FP117,FP123,FP125,FP128,FP129,FP139,FP141,FP144,FP145,FP151
P10275	FP26,FP38,FP41,FP42,FP45,FP47,FP50,FP52,FP53,FP59,FP62,FP64,FP65,FP66,FP68,FP69,FP70,FP72,FP76,FP77,FP78,FP79,FP80,FP81,FP88,FP89,FP94,FP95,FP96,FP97,FP98,FP99,FP103,FP105,FP106,FP107,FP110,FP112,FP115,FP118,FP119,FP121,FP123,FP124,FP125,FP126,FP127,FP129,FP131,FP132,FP134,FP135,FP136,FP137,FP139,FP140,FP143,FP144,FP146,FP147,FP151,FP154,FP156,FP158,FP160,FP161,FP162
P10323	FP94,FP97,FP124
P10415	FP25,FP32,FP33,FP36,FP45,FP47,FP51,FP62,FP76,FP78,FP80,FP81,FP88,FP106,FP113,FP131,FP139,FP141,FP145,FP146,FP154,FP157,FP159
P10721	FP8,FP11,FP22,FP34,FP52,FP53,FP62,FP65,FP66,FP69,FP77,FP78,FP80,FP82,FP83,FP87,FP90,FP91,FP94,FP96,FP97,FP101,FP103,FP105,FP106,FP110,FP112,FP114,FP115,FP116,FP117,FP119,FP121,FP124,FP133,FP135,FP141,FP142,FP144,FP149,FP150,FP151,FP152,FP154,FP155,FP156,FP159,FP161,FP164
P10826	FP42,FP93,FP109,FP134,FP153,FP155
P10828	FP93,FP98,FP103,FP109,FP114,FP115,FP116,FP118,FP125,FP131,FP145
P11137	FP42,FP52,FP69,FP83,FP96,FP105,FP107,FP124,FP134
P11229	FP33,FP36,FP37,FP52,FP54,FP58,FP65,FP67,FP77,FP79,FP82,FP83,FP86,FP88,FP90,FP91,FP93,FP94,FP96,FP97,FP98,FP104,FP106,FP110,FP117,FP120,FP124,FP125,FP126,FP127,FP130,FP131,FP132,FP133,FP135,FP136,FP139,FP143,FP144,FP150,FP151,FP152,FP154,FP155,FP157,FP159,FP162
P11309	FP17,FP25,FP28,FP37,FP38,FP41,FP42,FP43,FP45,FP49,FP52,FP54,FP57,FP62,FP65,FP69,FP70,FP72,FP74,FP75,FP77,FP78,FP79,FP83,FP84,FP86,FP87,FP89,FP91,FP92,FP93,FP94,FP96,FP98,FP104,FP105,FP106,FP107,FP110,FP111,FP117,FP119,FP120,FP121,FP123,FP124,FP125,FP129,FP130,FP131,FP133,FP134,FP135,FP136,FP140,FP141,FP142,FP144,FP145,FP146,FP150,FP151,FP152,FP154,FP156,FP157,FP158,FP159,FP161,FP164
P11362	FP3,FP4,FP5,FP6,FP7,FP9,FP10,FP12,FP14,FP15,FP21,FP25,FP26,FP36,FP37,FP38,FP41,FP42,FP43,FP46,FP47,FP50,FP51,FP52,FP53,FP54,FP55,FP56,FP57,FP58,FP59,FP60,FP61,FP62,FP63,FP64,FP65,FP67,FP68,FP69,FP70,FP72,FP73,FP75,FP76,FP78,FP79,FP80,FP81,FP82,FP83,FP85,FP86,FP88,FP90,FP91,FP92,FP93,FP94,FP95,FP96,FP97,FP98,FP99,FP101,FP105,FP106,FP109,FP110,FP111,FP113,FP116,FP117,FP118,FP119,FP120,FP121,FP122,FP124,FP125,FP129,FP131,FP132,FP137,FP138,FP139,FP142,FP144,FP145,FP148,FP149,FP150,FP151,FP152,FP154,FP156,FP159,FP160,FP162,FP163,FP164,FP165
P11387	FP13,FP62,FP85,FP100,FP104,FP114,FP130,FP160
P11473	FP34,FP50,FP54,FP76,FP99,FP136
P11597	FP23,FP25,FP37,FP41,FP42,FP43,FP57,FP62,FP65,FP72,FP74,FP75,FP83,FP85,FP86,FP87,FP91,FP95,FP96,FP97,FP98,FP100,FP103,FP105,FP106,FP107,FP108,FP109,FP113,FP116,FP118,FP120,FP121,FP122,FP123,FP125,FP128,FP129,FP133,FP134,FP137,FP138,FP141,FP144,FP147,FP149,FP150,FP152,FP154,FP159,FP160
P11802	FP25,FP37,FP38,FP45,FP47,FP52,FP53,FP54,FP62,FP65,FP69,FP72,FP77,FP78,FP80,FP83,FP86,FP87,FP89,FP90,FP94,FP96,FP97,FP101,FP103,FP105,FP106,FP118,FP119,FP120,FP124,FP127,FP131,FP133,FP135,FP136,FP138,FP143,FP144,FP146,FP150,FP159
P12821	FP19,FP27,FP29,FP37,FP38,FP41,FP42,FP46,FP47,FP48,FP53,FP54,FP64,FP65,FP68,FP69,FP72,FP74,FP77,FP79,FP81,FP82,FP83,FP84,FP85,FP86,FP87,FP88,FP90,FP92,FP96,FP100,FP102,FP103,FP105,FP106,FP107,FP108,FP112,FP115,FP116,FP121,FP122,FP123,FP125,FP126,FP127,FP129,FP130,FP132,FP133,FP134,FP138,FP140,FP141,FP142,FP143,FP144,FP145,FP148,FP149,FP150,FP151,FP153,FP157,FP162,FP163,FP165
P12931	FP19,FP22,FP25,FP29,FP37,FP41,FP43,FP45,FP48,FP52,FP53,FP54,FP62,FP64,FP65,FP66,FP69,FP70,FP74,FP75,FP78,FP80,FP82,FP84,FP85,FP86,FP87,FP89,FP90,FP91,FP92,FP93,FP94,FP97,FP98,FP102,FP103,FP104,FP105,FP106,FP107,FP110,FP112,FP113,FP114,FP117,FP119,FP121,FP122,FP124,FP126,FP127,FP130,FP131,FP133,FP134,FP135,FP136,FP138,FP139,FP140,FP142,FP143,FP144,FP149,FP150,FP151,FP152,FP153,FP154,FP155,FP157,FP159,FP160,FP164
P13497	FP23,FP38,FP53,FP54,FP57,FP65,FP77,FP83,FP96,FP104,FP105,FP109,FP118,FP120,FP121,FP123,FP125,FP126,FP128,FP129,FP130,FP132,FP137,FP144,FP147,FP157
P13569	FP57,FP72,FP95,FP152
P13612	FP14,FP24,FP25,FP28,FP36,FP38,FP43,FP51,FP52,FP53,FP54,FP55,FP57,FP58,FP59,FP60,FP61,FP64,FP67,FP72,FP73,FP74,FP78,FP81,FP82,FP83,FP84,FP85,FP88,FP89,FP90,FP91,FP92,FP95,FP96,FP97,FP99,FP101,FP102,FP104,FP105,FP108,FP110,FP111,FP112,FP117,FP119,FP123,FP124,FP125,FP127,FP130,FP131,FP133,FP136,FP139,FP140,FP141,FP143,FP144,FP145,FP146,FP147,FP148,FP151,FP154,FP155,FP157,FP162,FP163,FP165
P13866	FP17,FP19,FP21,FP22,FP37,FP38,FP41,FP52,FP53,FP54,FP57,FP62,FP65,FP69,FP70,FP74,FP75,FP77,FP79,FP80,FP82,FP85,FP86,FP87,FP89,FP90,FP91,FP92,FP94,FP95,FP96,FP97,FP98,FP100,FP103,FP104,FP105,FP106,FP107,FP108,FP110,FP111,FP113,FP116,FP117,FP118,FP122,FP123,FP124,FP125,FP126,FP127,FP128,FP129,FP130,FP131,FP132,FP133,FP134,FP135,FP137,FP138,FP139,FP142,FP143,FP144,FP145,FP147,FP148,FP149,FP151,FP154,FP158
P14061	FP36,FP69,FP81,FP83,FP85,FP86,FP88,FP91,FP93,FP96,FP98,FP115,FP122,FP137,FP144,FP148,FP149,FP151,FP155,FP160
P14555	FP37,FP65,FP72,FP75,FP83,FP84,FP85,FP91,FP92,FP93,FP95,FP96,FP97,FP100,FP104,FP106,FP109,FP110,FP114,FP115,FP116,FP117,FP122,FP123,FP125,FP128,FP129,FP132,FP133,FP135,FP136,FP138,FP140,FP142,FP144,FP145,FP146,FP148,FP150,FP151,FP153,FP158,FP162,FP163
P14780	FP13,FP23,FP24,FP45,FP46,FP49,FP50,FP54,FP56,FP57,FP62,FP63,FP65,FP68,FP70,FP71,FP72,FP75,FP76,FP78,FP79,FP80,FP82,FP84,FP85,FP89,FP91,FP92,FP93,FP97,FP99,FP100,FP101,FP104,FP105,FP108,FP109,FP110,FP111,FP112,FP113,FP117,FP119,FP122,FP123,FP125,FP126,FP127,FP131,FP136,FP137,FP139,FP140,FP142,FP143,FP145,FP146,FP148,FP151,FP152,FP153,FP154,FP157,FP158
P14867	FP104,FP105,FP116,FP129
P14902	FP47,FP81,FP88,FP97,FP98,FP125,FP152,FP155,FP158
P15056	FP105,FP133,FP135
P15090	FP8,FP11,FP25,FP47,FP62,FP64,FP72,FP81,FP85,FP88,FP90,FP91,FP97,FP118,FP127,FP133,FP143,FP147,FP150
P15121	FP19,FP24,FP32,FP33,FP36,FP38,FP42,FP47,FP49,FP51,FP53,FP56,FP59,FP60,FP61,FP62,FP63,FP64,FP65,FP66,FP69,FP70,FP73,FP74,FP75,FP77,FP78,FP80,FP81,FP82,FP84,FP86,FP87,FP88,FP89,FP91,FP92,FP93,FP95,FP97,FP99,FP100,FP103,FP104,FP107,FP110,FP111,FP112,FP113,FP114,FP116,FP117,FP119,FP120,FP122,FP123,FP125,FP126,FP128,FP129,FP133,FP134,FP135,FP138,FP140,FP142,FP147,FP148,FP151,FP152,FP156,FP158,FP159,FP160,FP161
P15144	FP37,FP43,FP62,FP74,FP95,FP100,FP105,FP111,FP123,FP135,FP140,FP153
P15538	FP38,FP52,FP77,FP79,FP83,FP85,FP92,FP94,FP96,FP100,FP105,FP110,FP111,FP114,FP117,FP120,FP124,FP128,FP133,FP135,FP142,FP147,FP153,FP154,FP155
P16083	FP38,FP43,FP46,FP50,FP65,FP75,FP76,FP77,FP78,FP79,FP80,FP82,FP83,FP84,FP87,FP90,FP96,FP97,FP98,FP99,FP100,FP103,FP104,FP105,FP111,FP119,FP120,FP121,FP127,FP136,FP143,FP144,FP147,FP149,FP150,FP151,FP152,FP153,FP154,FP155,FP159
P16109	FP54,FP65,FP72,FP82,FP90,FP91,FP93,FP95,FP98,FP99,FP104,FP105,FP109,FP111,FP114,FP115,FP121,FP132,FP137,FP153,FP156,FP161
P16455	FP36,FP43,FP46,FP78,FP81,FP87,FP88,FP107,FP111,FP122,FP125,FP129,FP134,FP148,FP160
P16581	FP34,FP35,FP36,FP44,FP47,FP53,FP57,FP59,FP64,FP65,FP81,FP88,FP89,FP90,FP95,FP98,FP99,FP105,FP110,FP121,FP123,FP125,FP126,FP127,FP135,FP137,FP142,FP143,FP150,FP152,FP154,FP164,FP166
P17252	FP32,FP33,FP45,FP50,FP51,FP55,FP57,FP58,FP59,FP60,FP61,FP64,FP65,FP66,FP67,FP72,FP73,FP75,FP76,FP81,FP82,FP83,FP86,FP88,FP89,FP90,FP91,FP92,FP95,FP96,FP98,FP99,FP102,FP104,FP105,FP110,FP111,FP112,FP120,FP121,FP123,FP126,FP127,FP129,FP130,FP131,FP132,FP136,FP138,FP140,FP141,FP143,FP149,FP150,FP151,FP152,FP159,FP161
P17612	FP8,FP11,FP25,FP43,FP66,FP72,FP74,FP76,FP77,FP78,FP82,FP84,FP89,FP90,FP92,FP93,FP99,FP105,FP108,FP110,FP112,FP113,FP117,FP119,FP123,FP126,FP128,FP129,FP131,FP132,FP136,FP139,FP140,FP141,FP144,FP146,FP149,FP152,FP154,FP155,FP157,FP159,FP160
P17706	FP32,FP33,FP38,FP39,FP40,FP42,FP48,FP54,FP59,FP64,FP66,FP69,FP79,FP89,FP92,FP94,FP105,FP107,FP108,FP110,FP111,FP113,FP116,FP117,FP126,FP127,FP131,FP134,FP135,FP138,FP143,FP150,FP154,FP157
P18031	FP13,FP14,FP21,FP22,FP23,FP24,FP25,FP27,FP28,FP29,FP32,FP36,FP38,FP42,FP43,FP46,FP47,FP48,FP49,FP50,FP52,FP54,FP56,FP57,FP62,FP63,FP65,FP66,FP69,FP70,FP72,FP74,FP76,FP77,FP79,FP80,FP81,FP83,FP87,FP88,FP89,FP90,FP92,FP95,FP96,FP97,FP99,FP100,FP104,FP105,FP106,FP107,FP108,FP109,FP110,FP111,FP113,FP114,FP115,FP116,FP117,FP118,FP120,FP121,FP123,FP126,FP127,FP131,FP132,FP133,FP134,FP135,FP137,FP139,FP140,FP141,FP142,FP143,FP147,FP149,FP153,FP155,FP156,FP158,FP160,FP161
P18084	FP14,FP36,FP53,FP54,FP62,FP65,FP67,FP80,FP81,FP83,FP88,FP95,FP96,FP105,FP112,FP113,FP115,FP118,FP120,FP124,FP129,FP132,FP133,FP136,FP141,FP147,FP149,FP150,FP160
P18405	FP26,FP45,FP50,FP76,FP82,FP86,FP90,FP96,FP104,FP105,FP108,FP118,FP128,FP131,FP132,FP147,FP149,FP150
P19438	FP46,FP104,FP105,FP113,FP123,FP132,FP136,FP139,FP155
P19634	FP38,FP42,FP52,FP57,FP62,FP70,FP72,FP85,FP86,FP87,FP90,FP91,FP94,FP98,FP103,FP105,FP107,FP112,FP124,FP125,FP129,FP130,FP133,FP134,FP135,FP136,FP138,FP144,FP145,FP150,FP151,FP155
P19793	FP32,FP33,FP74,FP87,FP96,FP100,FP104,FP105,FP107,FP108,FP109,FP110,FP111,FP113,FP117,FP118,FP126,FP127,FP129,FP131,FP132,FP133,FP141,FP143,FP146,FP149,FP150,FP151,FP152,FP153
P20292	FP66,FP95,FP97,FP98,FP102,FP103,FP105,FP112,FP114,FP128,FP136,FP151
P20309	FP19,FP22,FP50,FP57,FP62,FP66,FP76,FP86,FP91,FP93,FP95,FP97,FP105,FP106,FP109,FP110,FP111,FP112,FP114,FP115,FP117,FP123,FP125,FP129,FP131,FP132,FP133,FP135,FP138,FP139,FP141,FP142,FP144,FP145,FP147,FP150,FP151,FP152,FP154,FP156,FP157,FP159,FP162,FP163,FP164
P20701	FP37,FP42,FP53,FP57,FP62,FP74,FP75,FP77,FP79,FP80,FP82,FP83,FP85,FP86,FP87,FP91,FP96,FP97,FP98,FP100,FP103,FP106,FP112,FP115,FP120,FP121,FP122,FP128,FP129,FP132,FP133,FP135,FP137,FP138,FP146,FP147,FP148,FP149,FP152,FP153
P21397	FP25,FP37,FP38,FP43,FP46,FP52,FP57,FP59,FP62,FP64,FP65,FP72,FP77,FP78,FP79,FP80,FP81,FP84,FP85,FP88,FP89,FP93,FP94,FP97,FP98,FP100,FP106,FP109,FP113,FP114,FP119,FP120,FP124,FP125,FP126,FP127,FP132,FP142,FP143,FP150,FP152,FP157,FP158
P21452	FP30,FP37,FP49,FP52,FP57,FP62,FP74,FP90,FP97,FP102,FP104,FP105,FP113,FP126,FP127,FP128,FP129,FP132,FP133,FP135,FP139,FP143,FP146,FP150,FP152,FP155,FP157
P21453	FP8,FP11,FP22,FP23,FP25,FP28,FP29,FP38,FP42,FP43,FP46,FP48,FP51,FP52,FP53,FP54,FP55,FP58,FP59,FP60,FP61,FP62,FP64,FP66,FP69,FP71,FP74,FP76,FP77,FP82,FP84,FP89,FP90,FP93,FP94,FP95,FP97,FP98,FP99,FP102,FP104,FP105,FP106,FP107,FP108,FP111,FP112,FP123,FP124,FP125,FP126,FP128,FP129,FP130,FP131,FP132,FP133,FP134,FP135,FP136,FP138,FP139,FP140,FP141,FP144,FP145,FP146,FP147,FP150,FP153,FP154,FP155,FP156,FP157,FP159,FP161,FP166
P21462	FP38,FP43,FP50,FP53,FP54,FP66,FP72,FP76,FP92,FP95,FP96,FP99,FP100,FP110,FP114,FP117,FP137,FP141,FP153
P21554	FP11,FP23,FP36,FP38,FP45,FP47,FP52,FP53,FP54,FP57,FP62,FP65,FP66,FP74,FP75,FP76,FP79,FP80,FP83,FP87,FP91,FP92,FP94,FP95,FP96,FP97,FP98,FP100,FP103,FP105,FP107,FP110,FP111,FP112,FP117,FP118,FP122,FP123,FP124,FP125,FP129,FP130,FP131,FP133,FP134,FP135,FP136,FP139,FP140,FP141,FP144,FP147,FP148,FP149,FP150,FP151,FP157,FP160
P21731	FP22,FP50,FP72,FP75,FP76,FP78,FP83,FP85,FP86,FP90,FP96,FP98,FP99,FP105,FP109,FP119,FP122,FP123,FP125,FP126,FP138,FP139,FP150,FP152,FP157
P22303	FP17,FP21,FP22,FP23,FP25,FP28,FP36,FP38,FP41,FP42,FP46,FP47,FP49,FP50,FP52,FP56,FP59,FP62,FP63,FP65,FP66,FP75,FP76,FP77,FP78,FP79,FP80,FP81,FP82,FP83,FP84,FP85,FP87,FP88,FP90,FP91,FP95,FP96,FP97,FP98,FP99,FP100,FP101,FP104,FP105,FP106,FP107,FP108,FP109,FP110,FP111,FP112,FP116,FP117,FP118,FP119,FP120,FP121,FP122,FP123,FP125,FP128,FP129,FP133,FP134,FP135,FP137,FP138,FP139,FP140,FP142,FP144,FP145,FP146,FP147,FP148,FP150,FP151,FP153,FP154,FP155,FP156,FP158,FP161,FP162
P22460	FP29,FP37,FP38,FP41,FP43,FP52,FP53,FP59,FP62,FP65,FP66,FP69,FP74,FP75,FP77,FP78,FP80,FP81,FP82,FP83,FP87,FP90,FP91,FP94,FP95,FP96,FP98,FP102,FP103,FP104,FP105,FP107,FP109,FP112,FP113,FP116,FP119,FP120,FP121,FP122,FP124,FP127,FP131,FP132,FP133,FP134,FP136,FP137,FP139,FP140,FP143,FP144,FP146,FP148,FP149,FP150,FP151,FP152,FP157,FP160
P22748	FP1,FP2,FP3,FP4,FP5,FP6,FP7,FP8,FP9,FP10,FP11,FP12,FP13,FP14,FP15,FP16,FP17,FP18,FP19,FP20,FP21,FP22,FP23,FP24,FP25,FP26,FP27,FP28,FP29,FP30,FP32,FP33,FP34,FP35,FP36,FP37,FP38,FP39,FP40,FP42,FP43,FP45,FP47,FP50,FP51,FP52,FP53,FP54,FP55,FP56,FP57,FP58,FP59,FP60,FP61,FP62,FP64,FP66,FP67,FP68,FP69,FP71,FP74,FP75,FP76,FP78,FP79,FP80,FP81,FP82,FP83,FP84,FP85,FP86,FP87,FP89,FP90,FP91,FP92,FP94,FP95,FP96,FP97,FP98,FP99,FP100,FP101,FP103,FP104,FP105,FP107,FP108,FP109,FP110,FP111,FP114,FP115,FP116,FP117,FP118,FP119,FP120,FP121,FP122,FP123,FP125,FP126,FP128,FP129,FP131,FP132,FP133,FP135,FP136,FP137,FP138,FP139,FP140,FP141,FP142,FP144,FP147,FP149,FP150,FP151,FP153,FP154,FP155,FP156,FP158,FP160,FP161,FP166
P22894	FP24,FP28,FP36,FP47,FP49,FP52,FP53,FP54,FP57,FP65,FP66,FP68,FP71,FP72,FP79,FP80,FP81,FP83,FP84,FP86,FP89,FP90,FP91,FP92,FP95,FP96,FP97,FP100,FP104,FP105,FP108,FP110,FP111,FP119,FP120,FP121,FP122,FP125,FP128,FP129,FP130,FP132,FP137,FP138,FP139,FP140,FP142,FP145,FP153,FP154,FP155,FP158,FP160
P23141	FP26,FP36,FP38,FP42,FP47,FP50,FP57,FP65,FP66,FP72,FP74,FP76,FP77,FP81,FP83,FP88,FP90,FP91,FP95,FP96,FP99,FP105,FP106,FP107,FP108,FP112,FP115,FP116,FP120,FP121,FP123,FP127,FP134,FP136,FP137,FP139,FP140,FP141,FP143,FP145,FP146,FP149,FP150,FP151,FP157,FP158,FP159,FP160,FP162,FP163,FP165
P23280	FP41,FP50,FP57,FP76,FP92,FP97,FP98,FP99,FP105,FP109,FP110,FP117,FP123,FP132,FP135,FP137,FP144,FP147,FP153,FP154,FP161
P23975	FP8,FP19,FP21,FP25,FP26,FP27,FP34,FP36,FP37,FP38,FP41,FP43,FP44,FP46,FP47,FP50,FP52,FP55,FP58,FP62,FP65,FP75,FP76,FP77,FP78,FP79,FP80,FP82,FP83,FP84,FP85,FP86,FP88,FP90,FP91,FP96,FP97,FP98,FP99,FP100,FP101,FP104,FP105,FP108,FP111,FP115,FP116,FP118,FP120,FP121,FP122,FP123,FP125,FP128,FP130,FP131,FP133,FP135,FP136,FP137,FP138,FP139,FP140,FP142,FP144,FP145,FP146,FP148,FP150,FP151,FP153,FP154,FP155,FP156,FP158,FP159,FP161
P24530	FP54,FP80,FP85,FP90,FP91,FP93,FP104,FP105,FP122,FP131,FP132,FP133,FP135,FP144,FP147,FP150,FP153,FP155
P24557	FP19,FP52,FP57,FP65,FP69,FP72,FP75,FP82,FP86,FP90,FP91,FP93,FP98,FP99,FP100,FP104,FP105,FP109,FP111,FP113,FP114,FP115,FP116,FP118,FP121,FP123,FP125,FP127,FP131,FP133,FP137,FP138,FP139,FP142,FP143,FP144,FP145,FP147,FP151,FP153,FP154,FP157,FP159,FP161,FP162,FP163,FP164
P24941	FP25,FP32,FP33,FP38,FP41,FP45,FP47,FP50,FP51,FP52,FP53,FP55,FP58,FP59,FP60,FP61,FP62,FP64,FP65,FP67,FP69,FP70,FP72,FP73,FP76,FP79,FP80,FP81,FP82,FP83,FP88,FP89,FP91,FP94,FP96,FP97,FP98,FP99,FP102,FP103,FP105,FP106,FP109,FP110,FP112,FP113,FP115,FP117,FP120,FP121,FP124,FP125,FP126,FP128,FP130,FP131,FP133,FP135,FP136,FP142,FP144,FP145,FP146,FP151,FP154,FP158,FP159,FP164
P25024	FP18,FP41,FP44,FP62,FP64,FP69,FP83,FP86,FP89,FP92,FP96,FP104,FP105,FP114,FP122,FP125,FP139,FP145,FP151,FP160
P25025	FP25,FP38,FP52,FP53,FP62,FP69,FP77,FP80,FP84,FP88,FP89,FP94,FP98,FP100,FP114,FP123,FP124,FP126,FP129,FP133,FP135,FP136,FP139,FP140,FP150,FP153
P25090	FP24,FP37,FP42,FP43,FP49,FP56,FP62,FP63,FP65,FP70,FP71,FP75,FP98,FP102,FP104,FP106,FP113,FP122,FP130,FP131,FP134,FP135,FP136,FP140,FP148,FP152
P25100	FP23,FP36,FP41,FP64,FP66,FP69,FP79,FP80,FP82,FP83,FP87,FP89,FP90,FP92,FP95,FP96,FP104,FP105,FP110,FP112,FP113,FP120,FP123,FP125,FP126,FP127,FP133,FP135,FP143,FP149,FP152,FP154
P25103	FP19,FP23,FP24,FP26,FP28,FP47,FP52,FP57,FP62,FP65,FP69,FP71,FP72,FP73,FP75,FP78,FP81,FP83,FP87,FP89,FP94,FP96,FP101,FP102,FP103,FP104,FP105,FP107,FP113,FP119,FP124,FP125,FP126,FP128,FP132,FP134,FP136,FP144,FP146,FP150,FP155,FP157,FP164
P25105	FP19,FP36,FP45,FP47,FP52,FP65,FP76,FP79,FP80,FP83,FP87,FP90,FP91,FP94,FP96,FP99,FP104,FP108,FP120,FP124,FP135,FP138,FP150,FP151,FP154,FP155,FP158,FP160
P25116	FP25,FP26,FP37,FP42,FP50,FP57,FP62,FP74,FP76,FP78,FP82,FP83,FP85,FP87,FP93,FP96,FP97,FP99,FP105,FP107,FP108,FP119,FP120,FP122,FP123,FP125,FP127,FP128,FP129,FP131,FP133,FP134,FP135,FP137,FP140,FP143,FP144,FP148,FP149,FP150,FP154,FP159
P25774	FP23,FP41,FP54,FP55,FP57,FP58,FP60,FP61,FP66,FP67,FP73,FP82,FP83,FP85,FP88,FP90,FP96,FP97,FP100,FP102,FP105,FP108,FP112,FP115,FP123,FP126,FP127,FP128,FP130,FP132,FP133,FP135,FP137,FP138,FP140,FP143,FP150,FP152,FP153,FP160
P25929	FP38,FP42,FP43,FP45,FP54,FP74,FP77,FP79,FP80,FP82,FP86,FP91,FP92,FP96,FP97,FP100,FP105,FP106,FP115,FP116,FP118,FP120,FP123,FP128,FP129,FP131,FP138,FP140,FP141,FP146,FP147,FP149,FP157,FP160
P26010	FP37,FP53,FP54,FP62,FP74,FP77,FP90,FP92,FP93,FP95,FP97,FP104,FP105,FP110,FP111,FP115,FP117,FP123,FP125,FP126,FP127,FP131,FP136,FP139,FP140,FP141,FP143,FP144,FP145,FP150,FP155,FP157,FP160,FP163
P27338	FP22,FP36,FP37,FP38,FP41,FP42,FP45,FP46,FP47,FP50,FP57,FP62,FP65,FP66,FP69,FP72,FP73,FP75,FP76,FP78,FP80,FP82,FP83,FP84,FP86,FP87,FP89,FP90,FP93,FP95,FP96,FP98,FP99,FP100,FP103,FP104,FP106,FP107,FP108,FP109,FP111,FP113,FP114,FP115,FP116,FP118,FP119,FP121,FP122,FP123,FP125,FP126,FP127,FP128,FP129,FP131,FP133,FP134,FP135,FP136,FP138,FP140,FP141,FP142,FP143,FP144,FP145,FP147,FP148,FP149,FP150,FP151,FP152,FP153,FP154,FP155,FP156,FP158,FP159,FP160
P27487	FP7,FP18,FP19,FP21,FP23,FP26,FP27,FP28,FP29,FP30,FP32,FP33,FP34,FP36,FP39,FP40,FP41,FP42,FP43,FP44,FP45,FP47,FP48,FP51,FP53,FP54,FP55,FP56,FP58,FP59,FP60,FP61,FP62,FP63,FP64,FP65,FP67,FP69,FP71,FP72,FP73,FP77,FP78,FP79,FP80,FP82,FP83,FP84,FP85,FP86,FP87,FP88,FP90,FP91,FP96,FP97,FP98,FP99,FP100,FP102,FP103,FP104,FP107,FP109,FP111,FP114,FP115,FP119,FP120,FP121,FP122,FP123,FP129,FP131,FP132,FP133,FP134,FP136,FP138,FP142,FP144,FP145,FP147,FP148,FP150,FP151,FP153,FP156,FP158,FP159,FP160,FP161,FP162,FP163,FP165
P27815	FP21,FP26,FP41,FP42,FP43,FP45,FP50,FP65,FP66,FP69,FP72,FP74,FP76,FP84,FP87,FP99,FP107,FP109,FP112,FP113,FP114,FP126,FP134,FP138,FP141,FP144,FP146
P27986	FP26,FP45,FP46,FP50,FP52,FP53,FP54,FP62,FP66,FP69,FP76,FP79,FP84,FP89,FP96,FP97,FP99,FP100,FP106,FP124,FP131,FP133,FP135,FP136,FP141,FP145,FP150,FP153,FP159
P28221	FP36,FP38,FP45,FP62,FP65,FP66,FP77,FP78,FP79,FP80,FP83,FP90,FP91,FP92,FP96,FP97,FP105,FP109,FP117,FP119,FP120,FP123,FP125,FP128,FP131,FP132,FP135,FP138,FP139,FP140,FP142,FP146,FP149,FP150,FP155,FP156,FP160,FP166
P28336	FP54,FP66,FP75,FP85,FP86,FP93,FP112,FP122,FP123,FP147,FP148
P28482	FP38,FP52,FP53,FP62,FP79,FP83,FP87,FP94,FP96,FP103,FP105,FP107,FP110,FP117,FP124,FP134,FP144,FP147,FP154
P28715	FP42,FP106
P28845	FP36,FP37,FP47,FP51,FP57,FP78,FP80,FP82,FP83,FP90,FP95,FP96,FP101,FP112,FP119,FP124,FP125,FP127,FP128,FP136,FP143
P28907	FP36,FP47,FP81,FP84,FP88,FP104,FP129
P29274	FP3,FP16,FP17,FP19,FP21,FP22,FP25,FP27,FP28,FP30,FP32,FP33,FP34,FP37,FP38,FP43,FP44,FP45,FP46,FP47,FP49,FP50,FP52,FP53,FP54,FP55,FP57,FP58,FP62,FP63,FP65,FP67,FP68,FP69,FP71,FP72,FP76,FP77,FP78,FP80,FP84,FP85,FP89,FP90,FP91,FP93,FP95,FP97,FP98,FP99,FP100,FP101,FP102,FP103,FP105,FP106,FP111,FP113,FP114,FP119,FP121,FP123,FP125,FP126,FP127,FP131,FP133,FP135,FP136,FP137,FP139,FP140,FP142,FP143,FP149,FP151,FP152,FP153,FP155,FP157,FP158,FP162,FP164
P29275	FP13,FP16,FP19,FP24,FP25,FP36,FP37,FP38,FP52,FP57,FP62,FP71,FP72,FP75,FP78,FP82,FP84,FP88,FP90,FP91,FP93,FP94,FP97,FP100,FP101,FP102,FP105,FP106,FP109,FP110,FP111,FP113,FP114,FP115,FP117,FP122,FP124,FP125,FP126,FP131,FP133,FP136,FP138,FP139,FP140,FP144,FP145,FP146,FP151,FP153,FP154,FP155,FP157
P29375	FP13,FP24,FP52,FP65,FP71,FP75,FP79,FP80,FP83,FP95,FP96,FP102,FP120,FP121,FP123,FP137,FP140,FP151,FP162
P29466	FP41,FP53,FP54,FP57,FP59,FP62,FP65,FP66,FP69,FP72,FP74,FP75,FP79,FP80,FP82,FP85,FP86,FP88,FP89,FP90,FP91,FP99,FP100,FP104,FP109,FP111,FP112,FP113,FP115,FP116,FP120,FP121,FP122,FP123,FP126,FP127,FP129,FP131,FP132,FP133,FP135,FP136,FP137,FP138,FP139,FP140,FP143,FP144,FP146,FP147,FP148,FP149,FP150,FP151,FP152,FP153,FP155
P30305	FP24,FP27,FP38,FP43,FP45,FP49,FP50,FP52,FP56,FP57,FP62,FP63,FP65,FP69,FP71,FP72,FP76,FP77,FP78,FP79,FP80,FP82,FP86,FP89,FP90,FP91,FP92,FP94,FP95,FP97,FP99,FP102,FP104,FP108,FP109,FP110,FP111,FP113,FP114,FP117,FP118,FP119,FP120,FP123,FP124,FP125,FP126,FP128,FP131,FP132,FP133,FP135,FP136,FP139,FP140,FP141,FP142,FP144,FP146,FP147,FP149,FP150,FP152,FP153,FP154,FP157
P30419	FP80,FP87,FP97,FP107,FP123,FP128,FP129,FP134,FP140,FP142
P30530	FP25,FP38,FP42,FP53,FP59,FP62,FP66,FP74,FP75,FP79,FP80,FP83,FP85,FP87,FP90,FP93,FP96,FP97,FP100,FP104,FP105,FP106,FP107,FP108,FP109,FP111,FP112,FP122,FP125,FP129,FP131,FP134,FP135,FP136,FP138,FP141,FP144,FP148,FP149,FP150,FP153,FP158
P30542	FP25,FP28,FP36,FP38,FP41,FP47,FP49,FP54,FP57,FP59,FP64,FP65,FP72,FP77,FP79,FP80,FP81,FP84,FP88,FP89,FP90,FP91,FP98,FP101,FP109,FP111,FP123,FP132,FP153,FP154,FP155
P30556	FP23,FP37,FP38,FP42,FP47,FP52,FP62,FP65,FP69,FP70,FP75,FP77,FP80,FP83,FP85,FP89,FP91,FP94,FP96,FP97,FP100,FP111,FP114,FP115,FP116,FP120,FP122,FP123,FP128,FP129,FP130,FP131,FP138,FP141,FP147,FP148,FP151,FP155
P30559	FP19,FP36,FP41,FP47,FP62,FP75,FP82,FP91,FP92,FP97,FP105,FP110,FP111,FP118,FP121,FP127,FP128,FP129,FP133,FP135,FP140,FP142,FP143,FP144,FP147,FP149,FP150,FP151,FP160
P30874	FP43,FP62,FP72,FP75,FP86,FP87,FP123,FP126,FP133,FP140,FP144,FP146,FP149,FP152,FP157,FP160
P30939	FP62,FP80,FP83,FP96,FP105,FP136
P30968	FP22,FP25,FP42,FP43,FP49,FP51,FP52,FP55,FP58,FP60,FP61,FP65,FP66,FP67,FP70,FP73,FP74,FP84,FP87,FP94,FP98,FP100,FP106,FP107,FP112,FP115,FP118,FP120,FP124,FP130,FP132,FP134,FP138,FP149,FP151,FP160
P30989	FP25,FP84
P31213	FP16,FP22,FP75,FP82,FP91,FP93,FP96,FP97,FP100,FP109,FP136,FP139,FP146,FP151,FP153,FP157
P31639	FP13,FP17,FP19,FP22,FP24,FP30,FP37,FP45,FP46,FP49,FP50,FP52,FP54,FP56,FP59,FP62,FP63,FP64,FP66,FP69,FP70,FP71,FP72,FP74,FP75,FP76,FP78,FP79,FP80,FP82,FP83,FP87,FP89,FP90,FP91,FP92,FP93,FP94,FP95,FP96,FP98,FP99,FP101,FP102,FP103,FP104,FP105,FP107,FP108,FP109,FP110,FP111,FP112,FP117,FP119,FP120,FP122,FP123,FP124,FP125,FP128,FP129,FP130,FP134,FP136,FP137,FP140,FP141,FP142,FP144,FP146,FP147,FP148,FP149,FP150,FP151,FP153,FP154,FP155,FP158,FP160
P31645	FP19,FP27,FP47,FP62,FP72,FP75,FP77,FP80,FP83,FP85,FP86,FP89,FP90,FP95,FP96,FP97,FP98,FP100,FP105,FP109,FP111,FP113,FP114,FP118,FP120,FP121,FP122,FP123,FP125,FP126,FP127,FP128,FP132,FP136,FP137,FP138,FP142,FP143,FP145,FP148,FP150,FP152,FP153,FP154,FP155,FP157,FP158,FP159,FP161,FP164
P31749	FP19,FP38,FP41,FP52,FP62,FP65,FP75,FP78,FP80,FP83,FP84,FP89,FP91,FP95,FP96,FP98,FP104,FP105,FP107,FP111,FP113,FP119,FP120,FP121,FP126,FP129,FP131,FP133,FP134,FP137,FP139,FP150,FP153,FP155,FP164
P32238	FP19,FP37,FP38,FP43,FP54,FP65,FP77,FP78,FP83,FP85,FP96,FP98,FP100,FP106,FP108,FP111,FP119,FP120,FP129,FP131,FP138,FP139,FP153
P32239	FP19,FP23,FP37,FP42,FP43,FP53,FP54,FP62,FP65,FP66,FP74,FP75,FP77,FP83,FP84,FP85,FP86,FP88,FP90,FP93,FP96,FP97,FP98,FP100,FP101,FP106,FP108,FP112,FP114,FP115,FP116,FP120,FP122,FP123,FP127,FP131,FP132,FP133,FP138,FP139,FP140,FP141,FP143,FP144,FP146,FP148,FP149,FP150,FP153,FP160
P32245	FP1,FP2,FP8,FP13,FP22,FP23,FP24,FP25,FP27,FP29,FP30,FP31,FP35,FP38,FP39,FP40,FP43,FP48,FP49,FP52,FP54,FP62,FP65,FP66,FP71,FP72,FP75,FP77,FP78,FP79,FP80,FP83,FP84,FP86,FP87,FP94,FP95,FP97,FP98,FP101,FP103,FP104,FP105,FP106,FP107,FP109,FP112,FP113,FP115,FP116,FP118,FP119,FP120,FP124,FP125,FP126,FP129,FP131,FP132,FP134,FP135,FP136,FP140,FP141,FP142,FP144,FP146,FP149,FP150,FP151,FP158,FP159,FP160,FP161,FP162,FP163,FP165
P32246	FP52,FP65,FP75,FP77,FP80,FP83,FP87,FP89,FP90,FP95,FP96,FP107,FP113,FP120,FP121,FP122,FP126,FP127,FP131,FP134,FP137,FP139,FP140,FP143,FP152,FP154,FP155,FP156,FP157
P32247	FP19,FP38,FP53,FP54,FP66,FP69,FP74,FP75,FP79,FP84,FP86,FP90,FP100,FP104,FP105,FP107,FP112,FP122,FP125,FP128,FP129,FP132,FP133,FP134,FP138,FP141,FP144,FP153,FP154,FP159
P32297	FP86,FP136
P33032	FP17,FP25,FP54,FP78,FP105,FP114,FP115,FP119,FP120,FP135,FP136,FP140,FP146
P33527	FP38,FP42,FP50,FP62,FP65,FP74,FP75,FP77,FP78,FP80,FP82,FP83,FP85,FP86,FP87,FP89,FP90,FP91,FP96,FP100,FP104,FP105,FP107,FP109,FP111,FP113,FP118,FP119,FP120,FP125,FP127,FP128,FP129,FP132,FP134,FP138,FP140,FP143,FP147,FP150,FP151,FP152,FP153,FP155
P34972	FP38,FP62,FP65,FP75,FP76,FP87,FP90,FP91,FP97,FP98,FP99,FP100,FP103,FP104,FP105,FP107,FP111,FP113,FP116,FP122,FP125,FP127,FP128,FP134,FP139,FP143,FP144,FP148,FP153,FP155
P34998	FP22,FP25,FP37,FP42,FP43,FP45,FP52,FP53,FP54,FP57,FP62,FP65,FP66,FP69,FP72,FP76,FP78,FP79,FP80,FP82,FP84,FP86,FP90,FP91,FP92,FP94,FP96,FP97,FP98,FP99,FP101,FP104,FP105,FP106,FP108,FP110,FP112,FP114,FP115,FP116,FP117,FP118,FP119,FP121,FP122,FP123,FP124,FP125,FP128,FP129,FP131,FP132,FP133,FP135,FP136,FP137,FP139,FP140,FP144,FP145,FP146,FP147,FP148,FP149,FP151,FP154
P35218	FP24,FP32,FP51,FP53,FP69,FP71,FP78,FP84,FP92,FP94,FP100,FP102,FP105,FP110,FP111,FP117,FP119,FP120,FP121,FP122,FP124,FP132,FP133,FP135,FP138,FP146,FP149,FP151,FP155,FP156,FP158,FP161
P35348	FP23,FP45,FP50,FP51,FP57,FP59,FP60,FP61,FP62,FP64,FP65,FP66,FP67,FP69,FP73,FP74,FP75,FP76,FP80,FP86,FP89,FP90,FP93,FP97,FP99,FP104,FP105,FP110,FP111,FP118,FP120,FP125,FP126,FP128,FP129,FP138,FP145,FP146,FP149,FP150,FP151,FP154,FP155,FP157,FP160
P35354	FP1,FP2,FP4,FP5,FP6,FP7,FP8,FP9,FP10,FP12,FP14,FP15,FP16,FP17,FP18,FP20,FP21,FP23,FP24,FP27,FP29,FP30,FP31,FP35,FP36,FP37,FP38,FP42,FP43,FP45,FP48,FP49,FP50,FP51,FP52,FP54,FP55,FP56,FP57,FP58,FP59,FP60,FP61,FP62,FP63,FP64,FP65,FP67,FP68,FP70,FP71,FP73,FP75,FP76,FP78,FP80,FP81,FP82,FP83,FP86,FP87,FP88,FP89,FP90,FP91,FP92,FP93,FP95,FP96,FP97,FP98,FP99,FP100,FP102,FP103,FP104,FP105,FP106,FP107,FP108,FP109,FP110,FP111,FP112,FP115,FP116,FP118,FP119,FP120,FP121,FP123,FP125,FP126,FP127,FP128,FP129,FP130,FP131,FP132,FP134,FP136,FP139,FP140,FP143,FP144,FP145,FP146,FP147,FP148,FP149,FP150,FP153,FP154,FP155,FP158,FP159,FP160,FP166
P35367	FP8,FP11,FP17,FP19,FP22,FP23,FP24,FP25,FP26,FP28,FP34,FP36,FP38,FP41,FP42,FP46,FP47,FP56,FP57,FP62,FP63,FP64,FP70,FP72,FP74,FP75,FP79,FP80,FP82,FP83,FP84,FP85,FP86,FP87,FP89,FP90,FP91,FP92,FP93,FP96,FP97,FP98,FP99,FP101,FP103,FP104,FP105,FP106,FP107,FP108,FP109,FP110,FP114,FP115,FP116,FP117,FP118,FP120,FP122,FP123,FP125,FP127,FP133,FP134,FP135,FP136,FP138,FP139,FP141,FP142,FP143,FP144,FP146,FP148,FP149,FP150,FP151,FP152,FP154,FP155,FP156,FP159,FP160,FP166
P35372	FP19,FP25,FP26,FP38,FP45,FP50,FP62,FP66,FP74,FP75,FP76,FP77,FP79,FP80,FP84,FP85,FP86,FP90,FP98,FP100,FP101,FP105,FP106,FP109,FP111,FP112,FP113,FP115,FP116,FP118,FP122,FP125,FP128,FP131,FP132,FP136,FP138,FP139,FP140,FP144,FP146,FP148,FP149,FP150,FP151,FP156,FP158,FP161
P35408	FP59,FP64,FP72,FP83,FP85,FP91,FP92,FP95,FP96,FP97,FP99,FP100,FP101,FP104,FP108,FP109,FP110,FP111,FP114,FP115,FP117,FP121,FP122,FP125,FP131,FP133,FP136,FP141,FP142,FP145,FP149,FP151,FP156,FP158,FP160,FP161
P35462	FP11,FP20,FP23,FP25,FP26,FP28,FP37,FP38,FP41,FP42,FP46,FP47,FP49,FP50,FP52,FP56,FP59,FP62,FP63,FP64,FP65,FP69,FP75,FP76,FP77,FP78,FP79,FP80,FP81,FP82,FP83,FP85,FP86,FP87,FP88,FP89,FP90,FP91,FP92,FP94,FP96,FP97,FP98,FP100,FP103,FP104,FP105,FP106,FP108,FP110,FP112,FP116,FP117,FP118,FP119,FP120,FP122,FP123,FP124,FP128,FP129,FP131,FP133,FP135,FP136,FP138,FP139,FP142,FP144,FP145,FP148,FP149,FP150,FP151,FP152,FP154,FP155,FP156,FP159,FP160,FP162,FP163,FP164,FP166
P35916	FP28,FP36,FP37,FP43,FP47,FP50,FP62,FP76,FP77,FP80,FP81,FP82,FP88,FP89,FP92,FP97,FP98,FP99,FP109,FP110,FP111,FP117,FP133,FP135,FP154,FP164
P35968	FP25,FP45,FP50,FP52,FP62,FP66,FP74,FP76,FP80,FP84,FP89,FP92,FP94,FP97,FP99,FP105,FP106,FP107,FP110,FP117,FP124,FP134,FP136,FP139,FP144,FP150,FP154
P36544	FP19,FP22,FP23,FP50,FP57,FP62,FP65,FP66,FP75,FP76,FP79,FP80,FP82,FP83,FP90,FP91,FP92,FP93,FP96,FP97,FP98,FP99,FP101,FP105,FP106,FP108,FP110,FP111,FP115,FP116,FP117,FP118,FP120,FP125,FP129,FP133,FP135,FP138,FP142,FP145,FP147,FP151,FP155,FP160,FP163,FP164
P36888	FP2,FP7,FP8,FP9,FP10,FP11,FP12,FP13,FP14,FP15,FP16,FP18,FP19,FP20,FP25,FP28,FP36,FP37,FP38,FP41,FP42,FP46,FP47,FP49,FP50,FP56,FP59,FP62,FP63,FP64,FP65,FP70,FP72,FP75,FP76,FP77,FP78,FP79,FP80,FP81,FP83,FP86,FP87,FP88,FP89,FP90,FP91,FP92,FP94,FP95,FP96,FP97,FP98,FP100,FP103,FP105,FP106,FP107,FP109,FP110,FP111,FP113,FP115,FP116,FP117,FP118,FP119,FP120,FP121,FP122,FP124,FP125,FP128,FP129,FP130,FP131,FP132,FP133,FP134,FP135,FP138,FP142,FP144,FP145,FP147,FP148,FP149,FP150,FP151,FP153,FP154,FP155,FP156,FP158,FP159,FP160,FP161,FP164
P37058	FP37,FP52,FP62,FP66,FP76,FP78,FP80,FP92,FP94,FP96,FP99,FP104,FP105,FP112,FP113,FP116,FP119,FP120,FP124,FP128,FP145,FP147,FP149,FP150
P37231	FP14,FP17,FP21,FP23,FP25,FP26,FP27,FP32,FP33,FP37,FP42,FP43,FP45,FP46,FP47,FP50,FP51,FP53,FP55,FP56,FP57,FP58,FP59,FP60,FP61,FP62,FP63,FP64,FP65,FP67,FP69,FP70,FP71,FP72,FP73,FP74,FP75,FP76,FP77,FP79,FP80,FP83,FP84,FP85,FP86,FP87,FP89,FP90,FP92,FP94,FP95,FP96,FP97,FP98,FP100,FP101,FP102,FP103,FP104,FP105,FP106,FP108,FP109,FP110,FP111,FP112,FP113,FP116,FP117,FP120,FP121,FP122,FP123,FP124,FP125,FP126,FP127,FP129,FP130,FP132,FP133,FP136,FP137,FP138,FP139,FP141,FP142,FP143,FP144,FP145,FP146,FP147,FP148,FP149,FP150,FP152,FP153,FP156,FP161,FP164
P37288	FP113,FP128,FP133,FP157
P39900	FP24,FP62,FP68,FP71,FP72,FP77,FP79,FP90,FP108,FP132,FP138,FP142
P40238	FP36,FP38,FP42,FP47,FP57,FP62,FP64,FP66,FP77,FP79,FP80,FP81,FP85,FP88,FP90,FP91,FP97,FP98,FP100,FP107,FP114,FP115,FP118,FP120,FP122,FP134,FP138,FP140,FP141,FP144,FP147,FP148,FP150,FP153
P40763	FP19,FP26,FP29,FP36,FP43,FP47,FP48,FP52,FP53,FP59,FP69,FP75,FP77,FP79,FP81,FP84,FP85,FP88,FP90,FP94,FP98,FP99,FP102,FP104,FP106,FP111,FP112,FP120,FP122,FP124,FP128,FP130,FP131,FP135,FP136,FP148
P41143	FP19,FP22,FP38,FP49,FP54,FP62,FP66,FP72,FP75,FP77,FP79,FP80,FP82,FP84,FP86,FP90,FP91,FP92,FP93,FP95,FP97,FP98,FP100,FP101,FP103,FP104,FP105,FP110,FP112,FP113,FP114,FP116,FP117,FP121,FP125,FP126,FP127,FP128,FP131,FP132,FP133,FP135,FP136,FP137,FP138,FP139,FP140,FP142,FP143,FP144,FP145,FP146,FP149,FP150,FP152,FP154,FP157,FP159,FP160,FP166
P41145	FP19,FP25,FP38,FP50,FP52,FP59,FP62,FP64,FP65,FP66,FP75,FP76,FP77,FP78,FP79,FP80,FP86,FP87,FP94,FP97,FP98,FP101,FP104,FP105,FP109,FP111,FP112,FP116,FP118,FP120,FP124,FP128,FP129,FP135,FP138,FP147,FP150,FP151,FP155
P41146	FP28,FP37,FP62,FP65,FP66,FP83,FP84,FP93,FP97,FP116,FP127,FP143,FP144,FP154,FP155
P41594	FP17,FP36,FP38,FP47,FP54,FP62,FP77,FP79,FP81,FP83,FP84,FP87,FP90,FP95,FP96,FP97,FP103,FP105,FP107,FP116,FP120,FP126,FP127,FP131,FP134,FP136,FP140,FP143,FP144,FP145,FP147,FP151,FP154,FP158,FP164
P41595	FP38,FP42,FP57,FP66,FP79,FP95,FP112,FP132,FP133,FP135,FP151,FP159
P41597	FP42,FP65,FP97,FP108,FP120,FP133,FP144,FP149
P41968	FP25,FP42,FP43,FP53,FP54,FP62,FP65,FP74,FP75,FP77,FP78,FP95,FP97,FP98,FP106,FP108,FP109,FP114,FP115,FP119,FP120,FP129,FP135,FP136,FP140,FP141,FP146,FP150,FP159
P42336	FP17,FP21,FP25,FP32,FP33,FP36,FP38,FP41,FP45,FP47,FP52,FP53,FP54,FP57,FP59,FP64,FP65,FP69,FP76,FP77,FP78,FP79,FP80,FP81,FP82,FP83,FP84,FP86,FP87,FP88,FP91,FP94,FP95,FP96,FP97,FP98,FP99,FP105,FP106,FP109,FP110,FP111,FP114,FP117,FP119,FP120,FP123,FP124,FP125,FP131,FP133,FP135,FP138,FP144,FP146,FP147,FP148,FP149,FP150,FP151,FP155,FP158,FP160,FP164
P42338	FP17,FP19,FP23,FP37,FP38,FP42,FP43,FP57,FP62,FP66,FP70,FP74,FP75,FP78,FP80,FP82,FP83,FP84,FP85,FP86,FP87,FP89,FP90,FP92,FP93,FP95,FP96,FP97,FP98,FP105,FP106,FP107,FP109,FP110,FP111,FP113,FP114,FP117,FP119,FP122,FP126,FP127,FP129,FP131,FP132,FP134,FP138,FP143,FP144,FP145,FP146,FP147,FP148,FP150,FP152,FP154,FP155,FP157,FP159,FP162
P42345	FP2,FP17,FP21,FP23,FP25,FP26,FP27,FP28,FP32,FP33,FP34,FP36,FP37,FP38,FP43,FP45,FP46,FP52,FP53,FP57,FP59,FP62,FP64,FP65,FP69,FP70,FP77,FP78,FP81,FP82,FP83,FP84,FP87,FP91,FP92,FP94,FP95,FP97,FP98,FP105,FP106,FP107,FP110,FP111,FP113,FP114,FP117,FP119,FP120,FP121,FP123,FP124,FP125,FP130,FP131,FP133,FP134,FP135,FP139,FP142,FP144,FP145,FP146,FP148,FP149,FP150,FP151,FP154,FP155,FP156,FP158,FP160,FP162,FP163,FP164,FP165
P42574	FP23,FP32,FP33,FP36,FP37,FP47,FP49,FP53,FP54,FP59,FP62,FP65,FP67,FP72,FP74,FP75,FP79,FP82,FP89,FP90,FP92,FP94,FP95,FP96,FP97,FP100,FP104,FP108,FP110,FP111,FP115,FP116,FP117,FP120,FP122,FP124,FP127,FP128,FP129,FP131,FP132,FP133,FP135,FP136,FP138,FP139,FP140,FP142,FP143,FP146,FP147,FP148,FP150,FP151,FP152,FP155
P42785	FP38,FP77,FP86,FP87,FP90,FP98,FP103,FP107,FP125,FP129,FP131,FP133,FP134,FP135,FP136,FP138,FP142,FP152,FP164
P42892	FP17,FP23,FP28,FP29,FP42,FP43,FP48,FP49,FP53,FP62,FP66,FP74,FP79,FP81,FP82,FP87,FP96,FP100,FP105,FP106,FP107,FP109,FP112,FP115,FP118,FP126,FP128,FP130,FP132,FP133,FP134,FP138,FP140,FP144,FP147,FP148,FP149,FP150,FP153,FP160
P43004	FP125,FP145
P43088	FP38,FP57,FP62,FP71,FP77,FP89,FP92,FP95,FP110,FP127,FP133,FP135,FP140,FP143,FP154
P43116	FP11,FP32,FP33,FP36,FP50,FP51,FP52,FP57,FP65,FP66,FP69,FP73,FP76,FP80,FP86,FP89,FP92,FP94,FP97,FP98,FP100,FP102,FP104,FP106,FP110,FP112,FP114,FP117,FP118,FP120,FP123,FP125,FP131,FP133,FP138,FP139,FP141,FP144,FP145,FP147,FP148,FP149,FP150,FP151,FP156,FP161,FP162
P43119	FP59,FP62,FP64,FP72,FP81,FP91,FP95,FP96,FP99,FP105,FP106,FP110,FP112,FP135,FP150,FP156,FP161
P43166	FP32,FP33,FP51,FP52,FP53,FP57,FP58,FP61,FP62,FP69,FP74,FP76,FP80,FP83,FP84,FP90,FP91,FP94,FP105,FP117,FP119,FP120,FP125,FP131,FP132,FP149,FP151,FP156,FP160
P43220	FP100,FP109,FP113,FP126,FP132,FP150,FP153,FP155,FP157
P43235	FP23,FP41,FP42,FP57,FP66,FP69,FP74,FP75,FP77,FP79,FP80,FP82,FP87,FP89,FP97,FP98,FP100,FP105,FP106,FP107,FP109,FP112,FP113,FP114,FP115,FP120,FP122,FP123,FP125,FP126,FP134,FP135,FP138,FP145,FP149,FP152,FP157,FP163
P43403	FP25,FP45,FP47,FP50,FP53,FP75,FP76,FP79,FP82,FP85,FP89,FP95,FP97,FP98,FP99,FP105,FP106,FP107,FP108,FP109,FP117,FP118,FP127,FP128,FP129,FP131,FP132,FP133,FP134,FP139,FP140,FP143,FP146,FP151,FP153,FP155,FP160
P43405	FP38,FP43,FP53,FP54,FP62,FP65,FP69,FP75,FP77,FP78,FP79,FP80,FP82,FP84,FP86,FP87,FP89,FP90,FP91,FP95,FP104,FP111,FP118,FP119,FP120,FP121,FP125,FP129,FP131,FP137,FP139,FP140,FP146,FP147,FP150,FP155,FP160
P43681	FP8,FP11,FP62,FP65,FP66,FP79,FP82,FP90,FP91,FP92,FP95,FP97,FP100,FP104,FP105,FP108,FP110,FP112,FP116,FP117,FP120,FP125,FP128,FP129,FP133,FP135,FP144,FP145,FP149,FP150,FP151,FP154,FP155,FP159
P45452	FP1,FP2,FP6,FP7,FP8,FP9,FP10,FP12,FP13,FP14,FP15,FP16,FP17,FP18,FP20,FP23,FP25,FP28,FP30,FP31,FP32,FP33,FP34,FP35,FP46,FP49,FP50,FP56,FP59,FP63,FP65,FP66,FP68,FP69,FP72,FP74,FP76,FP79,FP82,FP84,FP91,FP92,FP95,FP97,FP99,FP100,FP104,FP105,FP106,FP108,FP110,FP112,FP113,FP117,FP122,FP123,FP125,FP126,FP127,FP131,FP136,FP138,FP139,FP140,FP141,FP142,FP143,FP144,FP146,FP147,FP148,FP149,FP151,FP152,FP153,FP154,FP155,FP156,FP157,FP158,FP159,FP160,FP161,FP162,FP163,FP164,FP165,FP166
P45983	FP11,FP13,FP25,FP34,FP37,FP38,FP41,FP42,FP43,FP45,FP50,FP53,FP54,FP62,FP65,FP69,FP72,FP75,FP76,FP77,FP78,FP82,FP84,FP85,FP89,FP90,FP91,FP92,FP93,FP95,FP97,FP98,FP99,FP100,FP104,FP105,FP106,FP107,FP111,FP113,FP115,FP116,FP118,FP119,FP120,FP121,FP122,FP125,FP126,FP127,FP129,FP134,FP136,FP137,FP140,FP141,FP143,FP145,FP146,FP147,FP148,FP151,FP152,FP153,FP155,FP164
P46098	FP37,FP38,FP52,FP62,FP65,FP69,FP75,FP77,FP78,FP79,FP80,FP82,FP84,FP85,FP86,FP89,FP90,FP91,FP94,FP95,FP104,FP106,FP119,FP124,FP128,FP131,FP132,FP133,FP135,FP136,FP138,FP146,FP159
P47712	FP32,FP33,FP42,FP69,FP72,FP76,FP80,FP81,FP82,FP87,FP88,FP90,FP94,FP95,FP97,FP99,FP100,FP103,FP104,FP105,FP106,FP107,FP114,FP115,FP117,FP118,FP119,FP120,FP123,FP128,FP129,FP131,FP134,FP136,FP138,FP144,FP150,FP151
P47871	FP38,FP42,FP52,FP53,FP54,FP69,FP72,FP74,FP78,FP80,FP82,FP83,FP85,FP86,FP87,FP89,FP94,FP96,FP97,FP98,FP100,FP103,FP104,FP105,FP106,FP107,FP109,FP112,FP119,FP120,FP123,FP124,FP125,FP128,FP129,FP131,FP133,FP134,FP135,FP139,FP140,FP141,FP142,FP144,FP149,FP151,FP152,FP153,FP154,FP155,FP157,FP160
P47900	FP65,FP87,FP95,FP115,FP116,FP139,FP141
P47989	FP41,FP53,FP72,FP76,FP87,FP90,FP100,FP103,FP104,FP107,FP109,FP111,FP118,FP134,FP136,FP139,FP147,FP150,FP153
P48145	FP11,FP36,FP37,FP52,FP62,FP66,FP72,FP74,FP76,FP77,FP78,FP85,FP87,FP88,FP93,FP94,FP99,FP103,FP107,FP113,FP119,FP124,FP126,FP127,FP129,FP134,FP136,FP138,FP140,FP143,FP144,FP147,FP151,FP152,FP155,FP157
P48729	FP37,FP42,FP107,FP110,FP134,FP138,FP155
P48736	FP21,FP22,FP23,FP32,FP33,FP36,FP38,FP39,FP40,FP41,FP42,FP45,FP46,FP47,FP48,FP51,FP55,FP57,FP58,FP59,FP60,FP61,FP64,FP65,FP67,FP69,FP73,FP76,FP77,FP78,FP79,FP80,FP81,FP87,FP88,FP89,FP92,FP94,FP97,FP98,FP99,FP102,FP106,FP110,FP112,FP117,FP119,FP120,FP121,FP123,FP124,FP125,FP130,FP131,FP133,FP134,FP135,FP136,FP137,FP142,FP144,FP145,FP146,FP148,FP149,FP150,FP151,FP154,FP155,FP156,FP158,FP159,FP160,FP161,FP164
P49137	FP1,FP7,FP9,FP10,FP22,FP23,FP25,FP28,FP29,FP35,FP36,FP38,FP40,FP42,FP43,FP44,FP45,FP47,FP48,FP53,FP54,FP57,FP59,FP62,FP64,FP65,FP68,FP69,FP70,FP73,FP75,FP76,FP77,FP79,FP80,FP82,FP83,FP84,FP89,FP90,FP91,FP92,FP95,FP96,FP97,FP98,FP100,FP101,FP103,FP104,FP105,FP106,FP108,FP110,FP111,FP114,FP115,FP116,FP117,FP118,FP120,FP123,FP125,FP127,FP129,FP130,FP131,FP133,FP135,FP137,FP138,FP139,FP140,FP142,FP143,FP144,FP146,FP147,FP150,FP151,FP152,FP153,FP155,FP156,FP159,FP161,FP163,FP165,FP166
P49146	FP65,FP86,FP88,FP89,FP93,FP96,FP97,FP109,FP120,FP124
P49286	FP11,FP38,FP57,FP59,FP64,FP66,FP77,FP79,FP81,FP86,FP88,FP93,FP95,FP100,FP105,FP108,FP109,FP115,FP116,FP125,FP129,FP132,FP138,FP139,FP144,FP145,FP147,FP152,FP159
P49327	FP50,FP92,FP98,FP110,FP117,FP121,FP135,FP138,FP142,FP151,FP158,FP161
P49356	FP19,FP33,FP36,FP41,FP46,FP54,FP55,FP58,FP59,FP60,FP61,FP62,FP67,FP73,FP77,FP80,FP81,FP82,FP83,FP86,FP87,FP88,FP90,FP91,FP92,FP95,FP96,FP98,FP103,FP105,FP106,FP108,FP111,FP112,FP117,FP128,FP129,FP130,FP131,FP132,FP135,FP136,FP138,FP144,FP150,FP151,FP155,FP156,FP159,FP164
P49768	FP54,FP62,FP115,FP133,FP135,FP144,FP145,FP150
P49841	FP25,FP57,FP71,FP87,FP98,FP102,FP103,FP107,FP113,FP125,FP126,FP127,FP134,FP143,FP145,FP147,FP152,FP157,FP159,FP160
P50281	FP36,FP77,FP78,FP91,FP96,FP97,FP104,FP105,FP106,FP118,FP119,FP120,FP121,FP128,FP129,FP132,FP137,FP147,FP153,FP154,FP160
P50406	FP1,FP2,FP3,FP4,FP5,FP6,FP7,FP8,FP9,FP10,FP11,FP12,FP13,FP14,FP15,FP16,FP17,FP18,FP20,FP21,FP22,FP23,FP24,FP25,FP26,FP27,FP28,FP29,FP30,FP31,FP34,FP35,FP36,FP37,FP38,FP39,FP40,FP41,FP43,FP44,FP45,FP48,FP49,FP52,FP53,FP54,FP56,FP57,FP59,FP63,FP64,FP65,FP66,FP68,FP69,FP70,FP71,FP72,FP75,FP77,FP78,FP80,FP82,FP83,FP89,FP90,FP91,FP92,FP93,FP95,FP96,FP97,FP103,FP104,FP105,FP109,FP110,FP113,FP114,FP116,FP119,FP121,FP122,FP123,FP125,FP126,FP127,FP128,FP132,FP133,FP134,FP135,FP137,FP139,FP140,FP141,FP142,FP143,FP144,FP145,FP148,FP149,FP150,FP154,FP155,FP156,FP158,FP159,FP160,FP161,FP162,FP163,FP164,FP165
P50579	FP16,FP19,FP22,FP23,FP42,FP46,FP53,FP54,FP62,FP65,FP66,FP69,FP72,FP77,FP79,FP82,FP84,FP85,FP86,FP87,FP90,FP91,FP96,FP97,FP100,FP103,FP104,FP105,FP107,FP109,FP111,FP112,FP117,FP118,FP120,FP121,FP122,FP123,FP128,FP129,FP131,FP134,FP137,FP138,FP139,FP140,FP142,FP147,FP152,FP153,FP154,FP155,FP156,FP158,FP161,FP162,FP163
P51449	FP11,FP32,FP33,FP41,FP51,FP55,FP57,FP62,FP65,FP66,FP69,FP79,FP81,FP82,FP83,FP86,FP88,FP92,FP94,FP95,FP96,FP97,FP98,FP100,FP102,FP103,FP104,FP109,FP110,FP111,FP112,FP114,FP116,FP117,FP118,FP121,FP122,FP123,FP124,FP127,FP128,FP129,FP133,FP135,FP137,FP139,FP140,FP141,FP142,FP143,FP144,FP147,FP148,FP149,FP150,FP151,FP152,FP153,FP154,FP155,FP157
P51677	FP42,FP62,FP65,FP66,FP82,FP83,FP87,FP91,FP96,FP101,FP103,FP104,FP107,FP112,FP120,FP128,FP133,FP134,FP135,FP149,FP150,FP159,FP160
P51681	FP8,FP19,FP23,FP24,FP28,FP32,FP33,FP34,FP37,FP46,FP47,FP49,FP51,FP54,FP55,FP56,FP58,FP59,FP60,FP61,FP62,FP63,FP64,FP65,FP67,FP69,FP70,FP71,FP72,FP73,FP74,FP75,FP77,FP79,FP80,FP81,FP82,FP83,FP84,FP85,FP86,FP88,FP89,FP91,FP92,FP93,FP95,FP96,FP97,FP99,FP103,FP104,FP108,FP109,FP110,FP111,FP115,FP116,FP117,FP119,FP120,FP121,FP122,FP123,FP126,FP128,FP129,FP130,FP131,FP132,FP133,FP135,FP136,FP137,FP138,FP139,FP142,FP145,FP147,FP148,FP150,FP151,FP154,FP157,FP158,FP159,FP160,FP164,FP166
P51946	FP38,FP53,FP66,FP77,FP84,FP98,FP105,FP107,FP108,FP109,FP112,FP134,FP138,FP144,FP150,FP155
P52895	FP32,FP33,FP51,FP53,FP55,FP58,FP60,FP61,FP67,FP69,FP73,FP87,FP88,FP89,FP93,FP94,FP97,FP102,FP106,FP111,FP123,FP124,FP130,FP139,FP142,FP144,FP150,FP151,FP153
P53350	FP36,FP38,FP42,FP47,FP74,FP75,FP79,FP80,FP81,FP83,FP84,FP85,FP86,FP88,FP89,FP95,FP96,FP97,FP100,FP105,FP113,FP115,FP118,FP122,FP126,FP129,FP131,FP138,FP147,FP148,FP151,FP159,FP160
P53609	FP92,FP95,FP105,FP112,FP127,FP128,FP143
P53779	FP25,FP38,FP42,FP52,FP57,FP62,FP65,FP72,FP77,FP80,FP84,FP87,FP89,FP92,FP95,FP97,FP98,FP106,FP107,FP112,FP125,FP129,FP131,FP133,FP134,FP135,FP136,FP140,FP145,FP146,FP151,FP152,FP159
P55055	FP17,FP32,FP33,FP42,FP51,FP52,FP55,FP58,FP59,FP60,FP61,FP62,FP64,FP66,FP67,FP72,FP73,FP80,FP81,FP82,FP86,FP88,FP90,FP91,FP94,FP100,FP101,FP102,FP103,FP104,FP105,FP106,FP107,FP108,FP109,FP111,FP112,FP114,FP115,FP116,FP117,FP118,FP120,FP123,FP124,FP125,FP128,FP129,FP130,FP132,FP134,FP135,FP136,FP137,FP138,FP139,FP140,FP144,FP146,FP148,FP149,FP151,FP153,FP154,FP155,FP157,FP159,FP160
P55072	FP38,FP47,FP59,FP64,FP74,FP83,FP96,FP98,FP106,FP109,FP113,FP118,FP123,FP126,FP127,FP131,FP139,FP143,FP147,FP149,FP152,FP153,FP154,FP155,FP157
P55210	FP23,FP36,FP38,FP41,FP42,FP45,FP50,FP51,FP53,FP54,FP55,FP57,FP58,FP60,FP61,FP64,FP65,FP71,FP72,FP73,FP74,FP75,FP76,FP77,FP78,FP80,FP82,FP83,FP84,FP85,FP86,FP89,FP94,FP95,FP96,FP97,FP98,FP99,FP100,FP102,FP103,FP106,FP107,FP109,FP111,FP113,FP114,FP115,FP116,FP119,FP120,FP121,FP122,FP124,FP125,FP126,FP127,FP129,FP130,FP132,FP133,FP135,FP136,FP137,FP138,FP140,FP141,FP143,FP145,FP147,FP148,FP149,FP150,FP151,FP152,FP153,FP157,FP159
P55212	FP41,FP42,FP50,FP53,FP72,FP76,FP80,FP96,FP97,FP99,FP109,FP135
P55263	FP19,FP38,FP53,FP54,FP66,FP77,FP80,FP84,FP98,FP112,FP125,FP131,FP133,FP139,FP142,FP144,FP145,FP146,FP151,FP154
P55899	FP66,FP67,FP75,FP81,FP86,FP93,FP112,FP116,FP124,FP130,FP144
P56524	FP22,FP36,FP38,FP42,FP54,FP57,FP62,FP65,FP77,FP78,FP80,FP84,FP85,FP88,FP89,FP91,FP97,FP99,FP104,FP105,FP106,FP107,FP112,FP114,FP116,FP119,FP120,FP121,FP122,FP123,FP132,FP134,FP136,FP140,FP142,FP146,FP148
P56817	FP23,FP25,FP37,FP43,FP51,FP55,FP58,FP60,FP61,FP62,FP65,FP67,FP73,FP77,FP78,FP79,FP80,FP82,FP84,FP86,FP87,FP88,FP91,FP93,FP94,FP95,FP98,FP100,FP102,FP104,FP105,FP108,FP111,FP113,FP115,FP119,FP122,FP123,FP124,FP125,FP127,FP130,FP131,FP133,FP135,FP136,FP138,FP140,FP141,FP143,FP144,FP145,FP147,FP148,FP149,FP153,FP162
P61073	FP53,FP65,FP69,FP75,FP83,FP84,FP85,FP86,FP89,FP92,FP95,FP96,FP97,FP99,FP101,FP104,FP105,FP109,FP110,FP113,FP115,FP122,FP128,FP129,FP133,FP136,FP139,FP148,FP152,FP157
P62937	FP53,FP74
P62942	FP50,FP54,FP57,FP59,FP66,FP72,FP74,FP75,FP76,FP79,FP82,FP84,FP89,FP90,FP91,FP92,FP93,FP97,FP99,FP100,FP101,FP104,FP105,FP106,FP108,FP109,FP110,FP112,FP113,FP115,FP116,FP120,FP123,FP125,FP126,FP127,FP128,FP129,FP131,FP132,FP138,FP139,FP140,FP141,FP142,FP143,FP144,FP149,FP150,FP151,FP152,FP155,FP157,FP160,FP162
P62993	FP29,FP37,FP43,FP48,FP53,FP65,FP66,FP68,FP69,FP77,FP84,FP89,FP91,FP97,FP102,FP105,FP106,FP114,FP121,FP123,FP124,FP125,FP129,FP130,FP133,FP135,FP137,FP138,FP144,FP145,FP148,FP149,FP160
P68400	FP27,FP38,FP41,FP47,FP59,FP64,FP75,FP81,FP85,FP88,FP100,FP104,FP111,FP114,FP122,FP123,FP139,FP147,FP151,FP153,FP154,FP155,FP157,FP158,FP159,FP164
P78536	FP19,FP24,FP36,FP54,FP62,FP64,FP68,FP69,FP71,FP72,FP74,FP82,FP83,FP89,FP90,FP91,FP92,FP94,FP96,FP98,FP102,FP104,FP109,FP110,FP116,FP123,FP124,FP131,FP135,FP136,FP139,FP140,FP144,FP155
P98170	FP19,FP54,FP74,FP75,FP79,FP80,FP83,FP85,FP86,FP90,FP91,FP101,FP104,FP105,FP108,FP114,FP116,FP118,FP122,FP125,FP127,FP128,FP129,FP131,FP133,FP135,FP138,FP140,FP143,FP148
Q00975	FP66,FP74,FP85,FP86,FP91,FP97,FP100,FP112,FP115,FP116,FP118,FP128,FP129,FP132,FP133,FP135,FP141,FP149,FP151,FP153,FP159
Q01064	FP24,FP36,FP37,FP38,FP47,FP52,FP62,FP68,FP69,FP71,FP72,FP81,FP83,FP85,FP88,FP91,FP93,FP94,FP96,FP100,FP102,FP105,FP106,FP114,FP124,FP125,FP131,FP133,FP138,FP151,FP153,FP155,FP159
Q01726	FP25,FP42,FP43,FP53,FP54,FP65,FP69,FP70,FP72,FP77,FP78,FP80,FP82,FP83,FP96,FP106,FP115,FP119,FP120,FP121,FP126,FP129,FP130,FP132,FP136,FP137,FP140,FP144,FP146,FP159,FP160
Q01959	FP19,FP62,FP79,FP83,FP86,FP90,FP96,FP97,FP98,FP105,FP110,FP111,FP113,FP117,FP118,FP121,FP127,FP128,FP133,FP137,FP142,FP143,FP144,FP145,FP150,FP152,FP154,FP156,FP158,FP161,FP164
Q02127	FP62,FP79,FP97,FP146
Q02763	FP11,FP17,FP22,FP28,FP37,FP38,FP43,FP45,FP50,FP52,FP53,FP56,FP62,FP63,FP66,FP69,FP70,FP72,FP75,FP76,FP77,FP79,FP80,FP82,FP83,FP84,FP85,FP86,FP89,FP90,FP94,FP95,FP96,FP99,FP101,FP103,FP104,FP106,FP108,FP110,FP111,FP112,FP113,FP116,FP117,FP120,FP122,FP124,FP128,FP129,FP131,FP133,FP135,FP140,FP144,FP146,FP147,FP148,FP150,FP151,FP154,FP158,FP160,FP164
Q03181	FP57,FP66,FP72,FP92,FP95,FP104,FP106,FP107,FP110,FP115,FP116,FP134,FP136
Q04609	FP29,FP75,FP82,FP84,FP85,FP87,FP88,FP92,FP97,FP107,FP121,FP134,FP162,FP163
Q05586	FP17,FP46,FP49,FP52,FP65,FP69,FP78,FP79,FP86,FP91,FP92,FP94,FP95,FP100,FP110,FP116,FP117,FP122,FP125,FP127,FP128,FP136,FP142,FP143,FP145,FP146,FP150,FP153,FP154,FP155,FP159,FP164
Q05655	FP25,FP26,FP36,FP47,FP53,FP66,FP81,FP86,FP88,FP92,FP93,FP98,FP100,FP101,FP104,FP105,FP106,FP110,FP111,FP112,FP117,FP123,FP131,FP138,FP140,FP144,FP146,FP147,FP150,FP153,FP154,FP155,FP160
Q07343	FP19,FP32,FP33,FP37,FP50,FP62,FP65,FP72,FP75,FP76,FP80,FP83,FP87,FP91,FP92,FP93,FP95,FP97,FP98,FP100,FP103,FP105,FP106,FP107,FP110,FP112,FP113,FP117,FP118,FP120,FP121,FP125,FP126,FP127,FP129,FP131,FP133,FP134,FP135,FP138,FP142,FP143,FP145,FP146,FP147,FP149,FP150,FP151,FP152,FP153,FP154,FP155,FP157,FP159,FP160,FP164
Q07817	FP50,FP54,FP62,FP75,FP76,FP77,FP82,FP86,FP98,FP99,FP100,FP118,FP121,FP123,FP126,FP129,FP132,FP147
Q08499	FP22,FP36,FP38,FP42,FP43,FP47,FP53,FP57,FP62,FP65,FP66,FP72,FP74,FP75,FP78,FP80,FP81,FP88,FP89,FP92,FP93,FP98,FP105,FP106,FP110,FP111,FP115,FP116,FP119,FP121,FP123,FP125,FP126,FP127,FP128,FP131,FP133,FP139,FP141,FP142,FP143,FP144,FP146,FP149,FP150,FP152,FP153,FP155,FP156,FP158,FP161
Q12809	FP19,FP25,FP32,FP33,FP37,FP38,FP39,FP40,FP42,FP48,FP49,FP51,FP53,FP54,FP55,FP58,FP59,FP60,FP61,FP64,FP65,FP66,FP67,FP73,FP74,FP77,FP80,FP81,FP82,FP85,FP86,FP89,FP90,FP91,FP93,FP94,FP95,FP102,FP103,FP104,FP105,FP106,FP109,FP112,FP114,FP118,FP120,FP124,FP128,FP130,FP131,FP133,FP135,FP136,FP139,FP142,FP147,FP150,FP151,FP154,FP155,FP156,FP159,FP160
Q13002	FP17,FP24,FP34,FP49,FP54,FP56,FP63,FP65,FP70,FP71,FP72,FP79,FP80,FP91,FP92,FP94,FP97,FP99,FP102,FP110,FP115,FP117,FP119,FP124,FP130,FP133,FP135,FP137,FP144,FP162
Q13085	FP23,FP37,FP43,FP52,FP77,FP80,FP82,FP83,FP94,FP95,FP96,FP97,FP104,FP106,FP108,FP111,FP116,FP123,FP124,FP126,FP127,FP131,FP143,FP144,FP151,FP155
Q13093	FP45,FP59,FP66,FP74,FP75,FP76,FP78,FP80,FP85,FP87,FP92,FP93,FP96,FP97,FP98,FP99,FP100,FP107,FP108,FP110,FP116,FP117,FP118,FP119,FP120,FP122,FP125,FP127,FP128,FP131,FP133,FP134,FP135,FP138,FP142,FP143,FP145,FP146,FP153,FP155,FP160
Q13133	FP42,FP52,FP65,FP66,FP70,FP72,FP75,FP79,FP80,FP83,FP84,FP89,FP90,FP91,FP92,FP96,FP98,FP101,FP104,FP106,FP108,FP110,FP111,FP112,FP114,FP115,FP116,FP117,FP118,FP119,FP123,FP128,FP129,FP136,FP137,FP139,FP140,FP149,FP150,FP151,FP154,FP159
Q13255	FP25,FP36,FP37,FP41,FP47,FP52,FP54,FP62,FP65,FP66,FP69,FP72,FP74,FP75,FP79,FP81,FP88,FP91,FP92,FP94,FP95,FP98,FP105,FP106,FP110,FP112,FP117,FP121,FP123,FP124,FP127,FP129,FP130,FP131,FP136,FP137,FP139,FP140,FP141,FP142,FP143,FP144,FP145,FP150,FP158
Q13258	FP32,FP33,FP65,FP83,FP85,FP86,FP91,FP94,FP96,FP103,FP105,FP106,FP108,FP116,FP117,FP121,FP122,FP128,FP129,FP133,FP137,FP144,FP147,FP148,FP151,FP156,FP158,FP161
Q13464	FP19,FP25,FP30,FP36,FP37,FP38,FP42,FP43,FP45,FP50,FP53,FP54,FP62,FP75,FP76,FP77,FP79,FP84,FP85,FP88,FP90,FP92,FP93,FP94,FP95,FP97,FP99,FP100,FP104,FP105,FP106,FP108,FP109,FP110,FP113,FP115,FP116,FP117,FP122,FP124,FP126,FP127,FP129,FP131,FP139,FP141,FP143,FP144,FP145,FP147,FP148,FP150,FP151,FP152,FP154,FP155,FP157,FP159,FP160,FP164
Q13526	FP86,FP93,FP98,FP108
Q13547	FP13,FP18,FP19,FP24,FP26,FP32,FP33,FP34,FP39,FP40,FP43,FP44,FP46,FP47,FP49,FP50,FP51,FP54,FP56,FP57,FP62,FP63,FP65,FP68,FP72,FP73,FP77,FP78,FP79,FP83,FP84,FP86,FP88,FP89,FP90,FP91,FP92,FP93,FP94,FP95,FP96,FP97,FP98,FP99,FP100,FP101,FP103,FP104,FP105,FP107,FP108,FP110,FP111,FP113,FP117,FP118,FP119,FP120,FP121,FP123,FP125,FP126,FP127,FP128,FP129,FP130,FP131,FP132,FP133,FP134,FP135,FP136,FP137,FP138,FP139,FP140,FP142,FP143,FP145,FP146,FP147,FP149,FP150,FP151,FP152,FP153,FP154,FP155,FP156,FP157,FP158,FP160,FP162,FP163,FP164,FP165
Q13639	FP39,FP40,FP48,FP53,FP62,FP74,FP75,FP79,FP85,FP89,FP90,FP95,FP103,FP104,FP109,FP114,FP122,FP123,FP125,FP128,FP131,FP132,FP140,FP146,FP148,FP149,FP154,FP155
Q13936	FP38,FP45,FP50,FP62,FP66,FP74,FP75,FP76,FP77,FP92,FP95,FP98,FP110,FP112,FP113,FP117,FP123,FP126,FP127,FP141,FP143,FP152
Q13946	FP25,FP26,FP42,FP43,FP45,FP46,FP47,FP50,FP53,FP54,FP57,FP62,FP64,FP73,FP76,FP77,FP78,FP79,FP81,FP85,FP86,FP87,FP89,FP90,FP91,FP95,FP99,FP100,FP103,FP106,FP107,FP109,FP111,FP118,FP119,FP125,FP129,FP131,FP133,FP134,FP136,FP144,FP145,FP146,FP147,FP150,FP151,FP152,FP153,FP154,FP155,FP159,FP164
Q14289	FP25,FP37,FP38,FP42,FP45,FP53,FP75,FP77,FP107,FP112,FP122,FP131,FP134,FP141
Q14416	FP17,FP19,FP22,FP38,FP42,FP65,FP78,FP84,FP86,FP87,FP92,FP95,FP97,FP98,FP100,FP104,FP105,FP107,FP110,FP111,FP117,FP118,FP119,FP127,FP129,FP132,FP133,FP134,FP135,FP138,FP143,FP144,FP147,FP151,FP152,FP154,FP155
Q14432	FP22,FP37,FP38,FP42,FP43,FP52,FP53,FP54,FP57,FP59,FP62,FP72,FP80,FP82,FP83,FP86,FP87,FP93,FP94,FP96,FP98,FP100,FP104,FP106,FP107,FP108,FP109,FP110,FP113,FP115,FP116,FP117,FP118,FP122,FP124,FP125,FP126,FP127,FP128,FP129,FP131,FP132,FP133,FP134,FP136,FP138,FP139,FP140,FP142,FP143,FP144,FP146,FP148,FP149,FP150,FP151,FP152,FP153,FP154,FP155,FP157,FP159,FP160
Q14832	FP22,FP66,FP72,FP91,FP105,FP112,FP147,FP163
Q15078	FP37,FP38,FP42,FP43,FP47,FP53,FP54,FP57,FP62,FP64,FP69,FP73,FP75,FP76,FP78,FP81,FP84,FP86,FP87,FP90,FP91,FP92,FP97,FP98,FP99,FP101,FP104,FP105,FP107,FP109,FP111,FP113,FP115,FP119,FP130,FP131,FP132,FP133,FP136,FP140,FP146,FP150,FP152,FP154,FP155,FP159,FP160
Q15761	FP25,FP32,FP33,FP38,FP42,FP46,FP47,FP53,FP54,FP58,FP60,FP61,FP62,FP69,FP73,FP74,FP80,FP81,FP82,FP84,FP87,FP88,FP89,FP90,FP91,FP94,FP97,FP100,FP104,FP106,FP107,FP110,FP112,FP117,FP131,FP132,FP133,FP134,FP136,FP144,FP146,FP149,FP151,FP153,FP154,FP155,FP159,FP164
Q16445	FP72,FP91,FP97,FP103,FP123,FP125,FP126,FP127,FP129,FP136,FP143,FP144,FP146
Q16602	FP19,FP22,FP23,FP36,FP43,FP45,FP47,FP52,FP53,FP54,FP65,FP66,FP68,FP69,FP74,FP75,FP77,FP78,FP80,FP81,FP82,FP83,FP84,FP85,FP88,FP93,FP94,FP96,FP97,FP105,FP106,FP108,FP109,FP110,FP113,FP114,FP116,FP117,FP119,FP120,FP121,FP122,FP123,FP124,FP125,FP127,FP128,FP129,FP131,FP132,FP135,FP136,FP137,FP143,FP144,FP148,FP149,FP151,FP152,FP154,FP155,FP160
Q16665	FP32,FP33,FP38,FP57,FP62,FP65,FP66,FP69,FP77,FP82,FP83,FP85,FP89,FP90,FP92,FP94,FP95,FP96,FP97,FP98,FP99,FP101,FP104,FP106,FP109,FP110,FP114,FP116,FP121,FP122,FP123,FP124,FP127,FP128,FP137,FP143,FP144,FP148,FP149,FP150,FP153,FP154,FP155,FP156
Q16769	FP75,FP85,FP98,FP104,FP108,FP109,FP116,FP118,FP122,FP132,FP144,FP145,FP148,FP150
Q16790	FP1,FP2,FP3,FP4,FP5,FP6,FP7,FP8,FP9,FP10,FP11,FP12,FP13,FP14,FP15,FP16,FP17,FP18,FP19,FP20,FP21,FP22,FP23,FP24,FP25,FP26,FP27,FP28,FP29,FP30,FP31,FP32,FP33,FP34,FP35,FP36,FP37,FP38,FP39,FP40,FP41,FP42,FP44,FP45,FP46,FP47,FP48,FP49,FP50,FP51,FP52,FP55,FP56,FP58,FP59,FP60,FP61,FP62,FP63,FP64,FP66,FP67,FP68,FP69,FP70,FP71,FP73,FP74,FP75,FP77,FP78,FP79,FP80,FP81,FP82,FP83,FP84,FP85,FP86,FP87,FP88,FP89,FP90,FP91,FP92,FP93,FP94,FP96,FP98,FP100,FP101,FP102,FP103,FP104,FP105,FP106,FP107,FP108,FP110,FP111,FP112,FP114,FP115,FP117,FP118,FP119,FP120,FP121,FP122,FP123,FP124,FP125,FP128,FP129,FP130,FP131,FP132,FP133,FP134,FP135,FP136,FP137,FP138,FP139,FP140,FP142,FP144,FP145,FP146,FP147,FP148,FP150,FP151,FP153,FP154,FP155,FP156,FP158,FP159,FP161,FP162,FP163,FP164,FP165,FP166
Q7Z2W7	FP42,FP84,FP87,FP89,FP91,FP107,FP122,FP123,FP127,FP128,FP134,FP143,FP144,FP146,FP148,FP150
Q86TI2	FP28,FP41,FP69,FP70,FP82,FP86,FP91,FP92,FP95,FP103,FP105,FP124,FP125,FP129,FP130,FP132,FP144,FP145,FP147
Q8IU80	FP81,FP83,FP96
Q8NER1	FP19,FP34,FP43,FP45,FP50,FP57,FP66,FP70,FP72,FP74,FP76,FP79,FP83,FP85,FP90,FP93,FP96,FP97,FP99,FP104,FP105,FP107,FP111,FP112,FP113,FP114,FP115,FP118,FP122,FP125,FP127,FP128,FP129,FP131,FP132,FP133,FP134,FP135,FP138,FP139,FP140,FP141,FP143,FP144,FP146,FP147,FP148,FP150,FP152,FP160
Q8TDS4	FP53,FP62,FP74,FP75,FP86,FP93,FP101,FP108,FP109,FP123,FP126,FP129,FP131,FP133,FP136,FP138,FP139,FP141,FP146,FP150,FP153,FP159,FP160,FP163
Q8TDU6	FP83,FP93,FP96,FP98,FP105,FP118,FP128,FP135,FP138,FP141,FP149
Q8TEK3	FP23,FP74,FP100,FP107,FP108,FP112,FP115,FP118,FP123,FP126,FP128,FP134,FP149,FP160
Q92731	FP38,FP53,FP65,FP75,FP77,FP86,FP95,FP109,FP131,FP136,FP141,FP149,FP154
Q92769	FP13,FP18,FP24,FP38,FP44,FP49,FP50,FP54,FP57,FP63,FP65,FP68,FP69,FP71,FP72,FP75,FP76,FP79,FP82,FP89,FP90,FP91,FP94,FP95,FP97,FP98,FP99,FP100,FP102,FP104,FP105,FP106,FP107,FP111,FP119,FP121,FP122,FP124,FP130,FP131,FP134,FP136,FP137,FP139,FP142,FP146,FP147,FP148,FP153,FP155,FP159
Q92793	FP38,FP69,FP77,FP79,FP80,FP104,FP105,FP108,FP111,FP115,FP116,FP132
Q92847	FP37,FP38,FP53,FP69,FP75,FP78,FP85,FP100,FP106,FP119,FP122,FP128,FP130,FP136,FP139,FP140,FP144,FP150,FP152
Q96EB6	FP19,FP36,FP37,FP38,FP44,FP47,FP50,FP52,FP57,FP62,FP65,FP69,FP73,FP75,FP76,FP77,FP79,FP80,FP81,FP82,FP83,FP84,FP85,FP86,FP88,FP90,FP91,FP92,FP93,FP94,FP95,FP96,FP97,FP99,FP101,FP103,FP104,FP105,FP106,FP108,FP110,FP111,FP115,FP117,FP118,FP120,FP121,FP124,FP125,FP127,FP128,FP129,FP130,FP132,FP139,FP140,FP142,FP143,FP145,FP147,FP149,FP150,FP151,FP152,FP154,FP157,FP158,FP159,FP162,FP165
Q96GD4	FP1,FP2,FP19,FP22,FP23,FP25,FP35,FP38,FP39,FP44,FP47,FP49,FP53,FP54,FP56,FP57,FP62,FP63,FP65,FP66,FP69,FP70,FP72,FP77,FP78,FP79,FP80,FP81,FP84,FP85,FP86,FP88,FP89,FP90,FP92,FP95,FP97,FP98,FP100,FP103,FP105,FP106,FP108,FP110,FP113,FP117,FP118,FP119,FP120,FP121,FP123,FP127,FP129,FP130,FP132,FP133,FP135,FP136,FP138,FP139,FP141,FP142,FP143,FP147,FP150,FP151,FP152,FP153,FP154,FP155,FP156,FP158,FP159,FP161,FP162,FP163,FP164,FP165
Q96KQ7	FP11,FP42,FP65,FP79,FP83,FP85,FP89,FP95,FP96,FP98,FP100,FP109,FP111,FP115,FP120,FP122,FP126,FP133,FP138,FP141,FP148,FP153,FP155,FP157
Q96KS0	FP75,FP80,FP85
Q96RI1	FP37,FP42,FP57,FP62,FP65,FP71,FP74,FP83,FP85,FP86,FP87,FP91,FP93,FP97,FP100,FP102,FP103,FP106,FP107,FP108,FP109,FP113,FP118,FP120,FP125,FP131,FP133,FP134,FP135,FP140,FP146,FP151,FP153,FP154,FP155,FP160
Q99500	FP29,FP43,FP48,FP69,FP80,FP82,FP85,FP100,FP108,FP112,FP130,FP131,FP133,FP135,FP138,FP148
Q99685	FP37,FP52,FP65,FP67,FP73,FP77,FP79,FP80,FP81,FP85,FP86,FP88,FP94,FP95,FP97,FP106,FP120,FP124
Q99720	FP22,FP23,FP25,FP26,FP36,FP43,FP47,FP49,FP51,FP52,FP60,FP61,FP70,FP73,FP77,FP78,FP80,FP82,FP83,FP84,FP85,FP88,FP89,FP90,FP91,FP92,FP93,FP94,FP95,FP98,FP100,FP104,FP105,FP106,FP108,FP109,FP110,FP116,FP117,FP119,FP120,FP122,FP123,FP124,FP127,FP130,FP131,FP136,FP140,FP143,FP144,FP145,FP146,FP148,FP149,FP150,FP151,FP153,FP154,FP155,FP157,FP159,FP162
Q9BY41	FP19,FP24,FP38,FP47,FP52,FP54,FP57,FP62,FP65,FP68,FP69,FP71,FP72,FP75,FP76,FP77,FP78,FP79,FP80,FP81,FP82,FP83,FP85,FP88,FP89,FP90,FP91,FP92,FP93,FP94,FP95,FP96,FP97,FP99,FP100,FP102,FP104,FP105,FP119,FP120,FP121,FP122,FP124,FP125,FP127,FP131,FP132,FP133,FP135,FP136,FP137,FP138,FP143,FP144,FP145,FP148,FP150,FP153,FP157
Q9GZT9	FP25,FP37,FP38,FP50,FP51,FP54,FP62,FP65,FP72,FP75,FP76,FP80,FP85,FP89,FP93,FP95,FP97,FP99,FP105,FP106,FP112,FP114,FP116,FP122,FP123,FP128,FP132,FP133,FP135,FP136,FP144,FP146,FP147,FP148,FP149,FP152,FP159,FP160
Q9H244	FP23,FP39,FP40,FP48,FP49,FP62,FP65,FP75,FP85,FP90,FP91,FP92,FP100,FP104,FP106,FP109,FP110,FP114,FP115,FP116,FP117,FP122,FP131,FP132,FP138,FP155,FP157
Q9HAZ1	FP25,FP62,FP75,FP82,FP83,FP85,FP87,FP96,FP103,FP105,FP106,FP107,FP122,FP131,FP134,FP147,FP148,FP155,FP160
Q9NPH5	FP65,FP77,FP79,FP81,FP88,FP91,FP106,FP111,FP116,FP138
Q9NTG7	FP62,FP75,FP77,FP85,FP86,FP115,FP120,FP122,FP128,FP133,FP148
Q9NWZ3	FP36,FP38,FP42,FP46,FP47,FP52,FP53,FP62,FP74,FP75,FP77,FP79,FP80,FP81,FP82,FP83,FP85,FP88,FP90,FP92,FP93,FP94,FP97,FP98,FP100,FP105,FP107,FP110,FP116,FP117,FP122,FP123,FP124,FP125,FP129,FP131,FP134,FP144,FP148,FP149,FP152,FP153,FP154,FP155,FP159,FP160
Q9NYK1	FP21,FP25,FP26,FP36,FP37,FP43,FP45,FP54,FP57,FP65,FP66,FP72,FP76,FP78,FP79,FP81,FP83,FP88,FP89,FP90,FP91,FP92,FP96,FP97,FP99,FP100,FP110,FP115,FP117,FP118,FP119,FP125,FP128,FP135,FP139,FP144,FP147,FP150,FP152,FP154
Q9UGL1	FP38,FP52,FP62,FP79,FP83,FP85,FP86,FP91,FP92,FP94,FP96,FP100,FP109,FP111,FP124,FP125,FP126,FP128,FP129,FP131,FP133,FP138,FP140,FP147,FP153,FP155
Q9UHL4	FP18,FP22,FP23,FP27,FP28,FP29,FP36,FP41,FP42,FP43,FP44,FP47,FP48,FP50,FP53,FP65,FP69,FP76,FP80,FP82,FP84,FP86,FP87,FP90,FP92,FP95,FP97,FP98,FP99,FP101,FP102,FP103,FP104,FP107,FP110,FP117,FP118,FP120,FP122,FP125,FP128,FP129,FP131,FP132,FP133,FP134,FP135,FP136,FP139,FP140,FP144,FP145,FP150,FP154,FP155,FP164
Q9ULX7	FP24,FP32,FP33,FP36,FP42,FP46,FP50,FP51,FP52,FP55,FP58,FP59,FP60,FP61,FP64,FP65,FP67,FP69,FP71,FP73,FP74,FP76,FP77,FP79,FP81,FP84,FP90,FP92,FP94,FP95,FP96,FP98,FP102,FP105,FP106,FP107,FP108,FP110,FP112,FP117,FP121,FP124,FP125,FP127,FP129,FP130,FP133,FP134,FP135,FP136,FP137,FP140,FP142,FP143,FP145,FP146,FP150,FP151,FP154,FP156,FP157,FP161,FP162,FP163,FP165
Q9UM73	FP8,FP11,FP19,FP21,FP25,FP26,FP27,FP28,FP37,FP41,FP43,FP45,FP46,FP50,FP52,FP53,FP57,FP62,FP65,FP71,FP72,FP76,FP77,FP79,FP82,FP83,FP87,FP89,FP90,FP91,FP93,FP94,FP95,FP96,FP99,FP104,FP105,FP106,FP107,FP109,FP114,FP123,FP124,FP125,FP128,FP133,FP134,FP136,FP139,FP140,FP142,FP144,FP148,FP149,FP150,FP151,FP158,FP159,FP160,FP164
Q9UNA0	FP21,FP22,FP25,FP36,FP37,FP42,FP45,FP47,FP53,FP59,FP64,FP65,FP66,FP73,FP81,FP82,FP86,FP87,FP88,FP95,FP103,FP104,FP106,FP107,FP112,FP113,FP114,FP118,FP123,FP125,FP126,FP127,FP128,FP133,FP134,FP139,FP140,FP143,FP146,FP150,FP151,FP152,FP154,FP155,FP157,FP160
Q9UNQ0	FP38,FP62,FP65,FP77,FP80,FP136,FP140,FP141,FP149,FP154,FP155
Q9Y233	FP8,FP11,FP18,FP25,FP38,FP41,FP43,FP44,FP46,FP47,FP54,FP57,FP59,FP62,FP64,FP71,FP72,FP77,FP78,FP79,FP80,FP81,FP83,FP84,FP85,FP86,FP88,FP90,FP93,FP96,FP97,FP100,FP102,FP104,FP106,FP109,FP118,FP119,FP122,FP123,FP125,FP131,FP132,FP138,FP141,FP144,FP146,FP148,FP149,FP150,FP151,FP160
Q9Y271	FP105,FP125,FP138
Q9Y2D0	FP24,FP32,FP51,FP52,FP53,FP59,FP61,FP64,FP68,FP69,FP71,FP72,FP78,FP92,FP94,FP95,FP96,FP102,FP105,FP110,FP111,FP117,FP119,FP124,FP127,FP132,FP133,FP143,FP145,FP146,FP149,FP150,FP154,FP155,FP156,FP161,FP162,FP163
Q9Y337	FP17,FP25,FP38,FP47,FP52,FP70,FP75,FP84,FP85,FP94,FP100,FP111,FP124,FP138,FP145,FP151,FP153,FP155
Q9Y5N1	FP19,FP32,FP33,FP37,FP42,FP43,FP46,FP57,FP62,FP64,FP69,FP82,FP87,FP94,FP95,FP98,FP104,FP105,FP106,FP107,FP110,FP118,FP120,FP123,FP128,FP129,FP131,FP133,FP134,FP151,FP154
Q9Y5Y4	FP17,FP36,FP38,FP42,FP62,FP69,FP72,FP75,FP77,FP79,FP80,FP85,FP87,FP89,FP90,FP91,FP93,FP95,FP97,FP98,FP100,FP101,FP103,FP104,FP105,FP107,FP109,FP113,FP116,FP118,FP120,FP124,FP125,FP126,FP128,FP129,FP131,FP132,FP133,FP134,FP135,FP139,FP142,FP145,FP148,FP150,FP151,FP152,FP153,FP155,FP160
Q9Y5Y6	FP36,FP37,FP38,FP47,FP67,FP80,FP81,FP82,FP88,FP123,FP124,FP141,FP146,FP150
Q9Y5Z0	FP38,FP62,FP74,FP75,FP78,FP80,FP91,FP92,FP93,FP95,FP97,FP100,FP101,FP105,FP110,FP111,FP117,FP119,FP126,FP128,FP133,FP135,FP138,FP141,FP154,FP160
